,game,platform,rating
0,Original War,PC,61
1,18 Wheeler: American Pro Trucker,PlayStation 2,61
2,X-Men: Reign of Apocalypse,Game Boy Advance,61
3,Virtua Athlete 2000,Dreamcast,61
4,Alien Resurrection,PlayStation,61
5,Dogs of War: Battle On Primus IV,PC,61
6,Flockers,PlayStation 4,61
7,Test Drive: Ferrari Racing Legends,Xbox 360,61
8,Need for Speed Payback,Xbox One,61
9,Age of Pirates 2: City of Abandoned Ships,PC,61
10,Secret Agent Clank,PlayStation 2,61
11,Override 2: Super Mech League,PC,61
12,Outcast: Second Contact,PlayStation 4,61
13,Major League Baseball 2K9,PlayStation 3,61
14,Need for Speed ProStreet,Wii,61
15,No Man's Sky,PC,61
16,Asphalt 9: Legends,Switch,61
17,Delta Force: Black Hawk Down,Xbox,61
18,Kinect Adventures!,Xbox 360,61
19,James Cameron's Avatar: The Game,Xbox 360,61
20,Metal Slug XX,Xbox 360,61
21,Need for Speed Payback,PlayStation 4,61
22,Evoland,PC,61
23,Mutant Mudds,PC,61
24,Infernal,PC,61
25,Muppets Party Cruise,PlayStation 2,61
26,Robotech: The Macross Saga,Game Boy Advance,61
27,X-Men: Next Dimension,PlayStation 2,61
28,Future Tactics: The Uprising,Xbox,61
29,Fatal Inertia,Xbox 360,61
30,Ashwalkers: A Survival Journey,PC,61
31,Windward,PC,61
32,Zombie Apocalypse,PlayStation 3,61
33,Siegecraft Commander,Xbox One,61
34,MegaTagmension Blanc + Neptune VS Zombies,PlayStation Vita,61
35,White Night,Xbox One,61
36,PlayStation Move Fitness,PlayStation 3,61
37,Robocalypse: Beaver Defense,Wii,61
38,Star Wars: The Force Unleashed,DS,61
39,Kirby Air Ride,GameCube,61
40,Playboy: The Mansion,Xbox,61
41,Sunny Garcia Surfing,PlayStation 2,61
42,Sword Coast Legends,PC,61
43,Baja: Edge of Control,PlayStation 3,61
44,Sega Casino,DS,61
45,Velvet Assassin,PC,61
46,Honeycomb Beat,DS,61
47,Asterix & Obelix XXL 2,PlayStation 4,61
48,Voodoo Dice,Xbox 360,61
49,Capcom Fighting Evolution,Xbox,61
50,Arkanoid DS,DS,61
51,Build-A-Bear Workshop,DS,61
52,Dragon Ball Z: Extreme Butoden,3DS,61
53,Star Wars Episode III: Revenge of the Sith,Xbox,61
54,Shining Tears,PlayStation 2,61
55,Darkened Skye,GameCube,61
56,Silent Scope 3,PlayStation 2,61
57,Asemblance,PlayStation 4,61
58,Zeno Clash II,PC,61
59,Fable: The Journey,Xbox 360,61
60,Naruto Shippuden: Ultimate Ninja Heroes 3,PSP,61
61,Drakengard 3,PlayStation 3,61
62,Super Contra,Xbox 360,61
63,Naruto: Ninja Destiny,DS,61
64,StarDrone Extreme,PlayStation Vita,61
65,Air Conflicts: Secret Wars,Xbox 360,61
66,PictoImage,DS,61
67,Impossible Mission,DS,61
68,Phoning Home,PC,61
69,World Gone Sour,PlayStation 3,61
70,Sniper Elite V2 Remastered,PC,61
71,Asterix & Obelix XXL 2,Switch,61
72,Senran Kagura: Bon Appetit!,PlayStation Vita,61
73,RemiLore: Lost Girl in the Lands of Lore,Switch,61
74,Schrodinger's Cat and the Raiders of the Lost Quark,PlayStation 4,61
75,Game & Wario,Wii U,61
76,Marvel Trading Card Game,DS,61
77,Catan,Switch,61
78,The King of Fighters Collection: The Orochi Saga,PSP,61
79,Spider-Man 2,DS,61
80,Samurai Warriors Chronicles,3DS,61
81,Zoids Wild: Blast Unleashed,Switch,61
82,The Descendant,PC,61
83,Minecraft: Story Mode - Episode 2: Assembly Required,Xbox One,61
84,Happy Wars,Xbox 360,61
85,SBK Generations,Xbox 360,61
86,Ben 10 Alien Force: Vilgax Attacks,Xbox 360,61
87,Watchmen: The End Is Nigh,PC,61
88,MX vs. ATV Untamed,DS,61
89,Ape Escape: Pumped & Primed,PlayStation 2,61
90,Catwoman,Game Boy Advance,61
91,Lifeline,PlayStation 2,61
92,Spawn: Armageddon,GameCube,61
93,Sherlock Holmes: The Mystery of the Mummy,PC,61
94,Turok: Evolution,PlayStation 2,61
95,Road to India: Between Hell and Nirvana,PC,61
96,Gangsters 2: Vendetta,PC,61
97,I Am Bread,PC,61
98,Kinect Sports Rivals,Xbox One,61
99,Mass Effect 3: Omega,Xbox 360,61
100,Pacific Storm: Allies,PC,60
101,Yoshi Topsy-Turvy,Game Boy Advance,60
102,Wii Play: Motion,Wii,60
103,Mega Man Star Force: Dragon,DS,60
104,Bratz: Rock Angelz,PlayStation 2,60
105,Tempest: Pirate Action RPG,PC,60
106,ER (2005),PC,60
107,Moon Diver,PlayStation 3,60
108,Super Cane Magic ZERO,Switch,60
109,BRAWL,Switch,60
110,Trapt,PlayStation 2,60
111,Namco Museum 50th Anniversary,GameCube,60
112,Beyond Eyes,PC,60
113,Cobra Kai: The Karate Kid Saga Continues,Xbox One,60
114,Massira,PlayStation 4,60
115,Exorder,PC,60
116,Rogue Trooper Redux,PC,60
117,Pac-Man and the Ghostly Adventures 2,Xbox 360,60
118,World Championship Poker,PlayStation 2,60
119,WWE 2K Battlegrounds,PlayStation 4,60
120,Dokapon Journey,DS,60
121,Final Fantasy Crystal Chronicles: Remastered Edition,Switch,60
122,Atlantis Quest,PC,60
123,Ribbit King,GameCube,60
124,Total Immersion Racing,Xbox,60
125,Le Mans 24 Hours,PC,60
126,The Powerpuff Girls: Mojo Jojo A-Go-Go,Game Boy Advance,60
127,Risen,Xbox 360,60
128,Dynasty Warriors: Gundam,PlayStation 3,60
129,Obscure: The Aftermath,PlayStation 2,60
130,Devil May Cry HD Collection,PlayStation 4,60
131,Luxor: The Wrath of Set,PSP,60
132,Gardening Mama,DS,60
133,Ratatouille,GameCube,60
134,Toy Soldiers: War Chest,Xbox One,60
135,Legend of the Guardians: The Owls of Ga'Hoole,Xbox 360,60
136,Oh...Sir! The Insult Simulator,PlayStation 4,60
137,Magicka: Vietnam,PC,60
138,Risen 2: Dark Waters,Xbox 360,60
139,Rave Master,GameCube,60
140,Sonic Rivals 2,PSP,60
141,Fight Crab,PC,60
142,Rory McIlroy PGA Tour,Xbox One,60
143,Magic: Duels of the Planeswalkers 2015,PC,60
144,Batman: Arkham Origins Blackgate - Deluxe Edition,PC,60
145,Crash: Mind Over Mutant,Xbox 360,60
146,Shaun White Snowboarding,Xbox 360,60
147,Agatha Christie: Murder on the Orient Express,PC,60
148,True Crime: New York City,Xbox,60
149,Captain America: Super Soldier,Xbox 360,60
150,Star Wars Trilogy: Apprentice of the Force,Game Boy Advance,60
151,Wars and Warriors: Joan of Arc,PC,60
152,Adventure Pinball: Forgotten Island,PC,60
153,Zombie Revenge,Dreamcast,60
154,The Caligula Effect: Overdose,Switch,60
155,GoldenEye: Rogue Agent,PlayStation 2,60
156,PokePark 2: Wonders Beyond,Wii,60
157,.hack//G.U. vol. 3//Redemption,PlayStation 2,60
158,The Peanuts Movie: Snoopy's Grand Adventure,Xbox One,60
159,The Complex,PlayStation 4,60
160,The Spiderwick Chronicles,DS,60
161,James Cameron's Avatar: The Game,PlayStation 3,60
162,Zoo Tycoon 2 DS,DS,60
163,Cooking Mama 5: Bon Appetit!,3DS,60
164,Helix,Wii,60
165,Yu-Gi-Oh! GX Tag Force 2,PSP,60
166,King Arthur,GameCube,60
167,Monster House,GameCube,60
168,GoldenEye: Rogue Agent,GameCube,60
169,AC/DC Live: Rock Band Track Pack,PlayStation 3,60
170,Defiance,Xbox 360,60
171,The Town of Light,Xbox One,60
172,Puzzle Scape,PSP,60
173,Tomb Raider Underworld: Beneath the Ashes,Xbox 360,60
174,Ryse: Son of Rome,Xbox One,60
175,Dragon Quest II: Luminaries of the Legendary Line,Switch,60
176,The Secret Saturdays: Beasts of the 5th Sun,Wii,60
177,Conflict: Vietnam,Xbox,60
178,Sega Smash Pack,Game Boy Advance,60
179,Star X,Game Boy Advance,60
180,Atari Anniversary Edition,Dreamcast,60
181,Black Mirror,PC,60
182,Buku Sudoku,Xbox 360,60
183,Guilty Gear Dust Strikers,DS,60
184,The Shoot,PlayStation 3,60
185,The Bunker,Switch,60
186,Spectra (2015),PC,60
187,The Dwarves,PlayStation 4,60
188,Lifeless Planet: Premier Edition,PlayStation 4,60
189,NBA Live 16,Xbox One,60
190,Create,Xbox 360,60
191,Wario: Master of Disguise,DS,60
192,Conglomerate 451,PC,60
193,Tennis World Tour 2,PC,60
194,Bakugan Battle Brawlers,Xbox 360,60
195,Resident Evil 6,PlayStation 4,60
196,James Noir's Hollywood Crimes,3DS,60
197,A Game of Dwarves,PC,60
198,Drawn to Life: Two Realms,PC,60
199,Pirates of the Caribbean Online,PC,60
200,Dead to Rights: Retribution,PlayStation 3,60
201,The Incredibles: Rise of the Underminer,PlayStation 2,60
202,"Shaman King: Legacy of the Spirits, Sprinting Wolf",Game Boy Advance,60
203,Payday 2,Switch,60
204,Symmetry (2018),PC,60
205,We Are The Dwarves,PC,60
206,Bermuda Triangle: Saving the Coral,DS,60
207,Intellivision Lives!,Xbox,60
208,Risk: Global Domination,PlayStation 2,60
209,Digimon Battle Spirit,Game Boy Advance,60
210,Dragon Throne: Battle of Red Cliffs,PC,60
211,King's Field: The Ancient City,PlayStation 2,60
212,JetFighter IV: Fortress America,PC,60
213,A Fistful of Gun,PC,60
214,Batman: Arkham Origins Blackgate - Deluxe Edition,PlayStation 3,60
215,Firefall,PC,60
216,Sonic Unleashed,Xbox 360,60
217,Alex Kidd in Miracle World DX,PlayStation 4,60
218,Jurassic Park: The Game,Xbox 360,60
219,My Pet Shop,DS,60
220,Cyanide & Happiness - Freakpocalypse,PC,60
221,Storm: Frontline Nation,PC,60
222,Star Wars: The New Droid Army,Game Boy Advance,60
223,Steal Princess,DS,60
224,Constantine,Xbox,60
225,All Zombies Must Die!,Xbox 360,60
226,Beijing 2008 - The Official Video Game of the Olympic Games,Xbox 360,60
227,SNK Heroines: Tag Team Frenzy,Switch,60
228,Zack Zero,PlayStation 3,60
229,ProStroke Golf - World Tour 2007,PSP,60
230,True Crime: New York City,PlayStation 2,60
231,Monster Jam Steel Titans 2,Xbox One,60
232,Windbound,PC,60
233,Dead or School,PlayStation 4,60
234,Truck Racing Championship,PlayStation 4,60
235,Turok 2: Seeds of Evil Remaster,Switch,60
236,Desert Child,PC,60
237,Shelter Generations,Switch,60
238,Rogue Trooper Redux,Switch,60
239,Skylar & Plux: Adventure on Clover Island,Xbox One,60
240,Beyond Eyes,Xbox One,60
241,Slender: The Arrival,PlayStation 4,60
242,Metro: Last Light - Faction Pack,PC,60
243,Sonic Adventure 2,Xbox 360,60
244,Leedmees,Xbox 360,60
245,Crazy Taxi,PlayStation 3,60
246,Guitar Rock Tour,DS,60
247,Konductra,DS,60
248,Namco Museum 50th Anniversary,Game Boy Advance,60
249,BMX XXX,GameCube,60
250,Ninja Assault,PlayStation 2,60
251,Wreckless: The Yakuza Missions,PlayStation 2,60
252,Chase: Hollywood Stunt Driver,Xbox,60
253,Star Wars Episode III: Revenge of the Sith,PlayStation 2,60
254,NHL 15,PlayStation 4,60
255,James Cameron's Avatar: The Game,Wii,60
256,World Poker Tour,PlayStation 2,60
257,Rio,Xbox 360,60
258,The Legend of Spyro: The Eternal Night,Wii,60
259,Flipper Critters,DS,60
260,Encleverment Experiment,Xbox 360,60
261,Shrek the Third,PC,60
262,EA Playground,DS,60
263,EVE: Gunjack,PlayStation 4,60
264,KickBeat: Special Edition,PlayStation 4,60
265,Off-Road Drive,PC,60
266,Special Forces: Nemesis Strike,Xbox,60
267,I and Me,Switch,60
268,Ancient Amuletor,PlayStation 4,60
269,Exerbeat,Wii,60
270,Leisure Suit Larry: Magna Cum Laude,PlayStation 2,60
271,Madden NFL Arcade,PlayStation 3,60
272,Crackdown 3,Xbox One,60
273,Touch Detective,DS,60
274,Spyro Orange: The Cortex Conspiracy,Game Boy Advance,60
275,"Crouching Tiger, Hidden Dragon",Game Boy Advance,60
276,Starsky & Hutch,PlayStation 2,60
277,WarTech: Senko no Ronde,Xbox 360,60
278,Brawlout,Switch,60
279,Enemy Territory: Quake Wars,PlayStation 3,60
280,Space Siege,PC,60
281,Disney's Chicken Little,PlayStation 2,60
282,Fist of the North Star: Ken's Rage,PlayStation 3,60
283,Disintegration,PlayStation 4,60
284,Natural Doctrine,PlayStation Vita,60
285,Online Chess Kingdoms,PSP,60
286,Riverbond,Switch,60
287,7 Wonders of the Ancient World,DS,60
288,Art of Fighting Anthology,PlayStation 2,60
289,Spider-Man: Friend or Foe,Xbox 360,60
290,Populous DS,DS,60
291,White Knight Chronicles II,PlayStation 3,60
292,Best Friend Forever,Switch,60
293,Mario & Sonic at the Rio 2016 Olympic Games,3DS,60
294,Corpse Party: Blood Drive,PlayStation Vita,60
295,SNK Heroines: Tag Team Frenzy,PlayStation 4,60
296,Teenage Mutant Ninja Turtles: Turtles in Time Re-Shelled,Xbox 360,60
297,Assassin's Creed Chronicles: Russia,PlayStation 4,60
298,Dynasty Warriors 6,Xbox 360,60
299,How to Survive,PC,60
300,Pyramids,3DS,60
301,Wild Earth: African Safari,Wii,60
302,Rooms: The Main Building,Wii,60
303,Adventure Island: The Beginning,Wii,60
304,Urban Reign,PlayStation 2,60
305,WRITHE,Switch,60
306,Wolcen: Lords of Mayhem,PC,60
307,Naruto to Boruto: Shinobi Striker,Xbox One,60
308,Cube,PSP,60
309,Harry Potter and the Half-Blood Prince,Wii,60
310,Harvey Birdman: Attorney at Law,Wii,60
311,Gigantosaurus: The Game,Switch,60
312,Achtung! Cthulhu Tactics,Xbox One,60
313,Avatar: The Last Airbender,GameCube,60
314,Speed Kings,Xbox,60
315,NFL GameDay 2003,PlayStation 2,60
316,IL-2 Sturmovik: Cliffs of Dover,PC,60
317,Pac-Man & Galaga Dimensions,3DS,60
318,Mega Man X Legacy Collection 2,Switch,60
319,TMNT,Wii,60
320,Assassin's Creed III Remastered,Switch,60
321,Warriors Orochi 4,Switch,60
322,BlackSite: Area 51,PC,60
323,Metal Gear Survive,PlayStation 4,60
324,Super Neptunia RPG,PlayStation 4,60
325,SiNG Party,Wii U,60
326,Karateka,Xbox 360,60
327,The Technomancer,PlayStation 4,60
328,Asphalt: Urban GT,DS,60
329,Worms Forts: Under Siege,PC,60
330,Growlanser: Heritage of War,PlayStation 2,60
331,Pokemon Mystery Dungeon: Explorers of Time,DS,60
332,Zombie Driver: Immortal Edition,Switch,60
333,All-Star Fruit Racing,PlayStation 4,60
334,Deadpool,PlayStation 4,60
335,Tarr Chronicles,PC,60
336,Generation of Chaos,PSP,60
337,Resistance: Burning Skies,PlayStation Vita,60
338,Kandagawa Jet Girls,PlayStation 4,60
339,Shaun White Snowboarding,PC,60
340,Cold War,Xbox,60
341,One Piece: Burning Blood,Xbox One,60
342,Commandos 2 HD Remaster,PC,60
343,Gauntlet: Dark Legacy,GameCube,60
344,The Mysterious Cities of Gold: Secret Paths,Wii U,60
345,Carrier Command: Gaea Mission,PC,60
346,Dungeon Explorer: Warriors of Ancient Arts,DS,60
347,Spyro: A Hero's Tail,PlayStation 2,60
348,Rayman Arena,GameCube,60
349,Big Scale Racing,PC,60
350,Army Men: Sarge's Heroes,Dreamcast,60
351,Naruto Shippuden: Legends: Akatsuki Rising,PSP,60
352,Time Crisis 4,PlayStation 3,60
353,Mega Man Star Force: Pegasus,DS,60
354,Zombie Driver,PC,60
355,Heatseeker,PlayStation 2,60
356,Blade Dancer: Lineage of Light,PSP,60
357,Echo Night Beyond,PlayStation 2,60
358,Clive Barker's Jericho,PlayStation 3,60
359,TASOMACHI: Behind the Twilight,PC,60
360,Dragon Ball: Raging Blast 2,PlayStation 3,60
361,Jeremy McGrath's Offroad,Xbox 360,60
362,Claybook,Switch,60
363,Jump Force,PC,60
364,Terminator: Resistance,PC,60
365,Spider-Man 3,PlayStation 3,60
366,Twin Mirror,PlayStation 4,60
367,De-formers,PlayStation 4,60
368,Final Exam,PlayStation 3,60
369,MicroBot,Xbox 360,60
370,Majesty 2: Kingmaker,PC,60
371,How to Train Your Dragon,DS,60
372,Tom Clancy's Rainbow Six Vegas,PSP,60
373,Naruto: Ninja Council,Game Boy Advance,60
374,FIFA Street,Xbox,60
375,Yu-Gi-Oh! The Sacred Cards,Game Boy Advance,60
376,Mister Slime,DS,60
377,Need for Speed Undercover,PlayStation 3,60
378,Separation,PlayStation 4,60
379,Narcos: Rise of the Cartels,PlayStation 4,60
380,N.E.R.O.: Nothing Ever Remains Obscure,PlayStation 4,60
381,Pac-Man and the Ghostly Adventures 2,PlayStation 3,60
382,Pokemon Mystery Dungeon: Gates to Infinity,3DS,60
383,Inazuma Eleven Strikers,Wii,60
384,Crazy Taxi,Xbox 360,60
385,Resident Evil 2,GameCube,60
386,True Crime: New York City,GameCube,60
387,Taxi Chaos,Xbox One,60
388,Farming Simulator 20,Switch,60
389,YIIK: A Postmodern RPG,PlayStation 4,60
390,Auto Age: Standoff,PC,60
391,One Upon Light,PlayStation 4,60
392,Ethan: Meteor Hunter,PC,60
393,Vambrace: Cold Soul,PC,60
394,Planet of the Apes: Last Frontier,PlayStation 4,60
395,Liberated,Switch,60
396,"SpongeBob SquarePants: Lights, Camera, Pants!",PlayStation 2,60
397,Okabu,PlayStation 3,60
398,Finny the Fish & the Seven Waters,PlayStation 2,60
399,Mind Zero,PlayStation Vita,60
400,Crysis Remastered,Xbox One,59
401,Ary and the Secret of Seasons,PC,59
402,The Dark Crystal: Age of Resistance Tactics,Switch,59
403,inMomentum,PC,59
404,Samurai Jack: The Shadow of Aku,GameCube,59
405,Curse: The Eye of Isis,Xbox,59
406,The Italian Job,PC,59
407,Disney's Stitch: Experiment 626,PlayStation 2,59
408,The Watchmaker (2001),PC,59
409,Disney's Tarzan Untamed,PlayStation 2,59
410,Tomb Raider: Chronicles,Dreamcast,59
411,The Adventures of Tintin: The Game,PlayStation 3,59
412,Chibi-Robo! Zip Lash,3DS,59
413,How to Survive,Xbox 360,59
414,Star Wars: The Force Unleashed II,PC,59
415,Dark Void,Xbox 360,59
416,Disney Epic Mickey 2: The Power of Two,PlayStation 3,59
417,Sniper: Ghost Warrior 3,PC,59
418,"Shaman King: Legacy of the Spirits, Soaring Hawk",Game Boy Advance,59
419,Arc the Lad: End of Darkness,PlayStation 2,59
420,Immortal Legacy: The Jade Cipher,PlayStation 4,59
421,Feist,Xbox One,59
422,Spectral Force 3,Xbox 360,59
423,KrissX,Xbox 360,59
424,Winnie the Pooh's Rumbly Tumbly Adventure,GameCube,59
425,SBK Superbike World Championship,PlayStation 3,59
426,Kong: The 8th Wonder of the World,Game Boy Advance,59
427,Phantasy Star Universe,PC,59
428,Mario Party: The Top 100,3DS,59
429,Frantix: A Puzzle Adventure,PSP,59
430,Blair Witch,Switch,59
431,Subject 13,PC,59
432,Fantasy Hero: Unsigned Legacy,PlayStation Vita,59
433,Mass Effect 3: From Ashes,Xbox 360,59
434,Mobile Light Force 2,PlayStation 2,59
435,Godfall,PC,59
436,Late Shift,PlayStation 4,59
437,Saint Seiya: Soldiers' Soul,PlayStation 4,59
438,Bionicle Heroes,PC,59
439,Saw,PlayStation 3,59
440,Worms Ultimate Mayhem,Xbox 360,59
441,Final Fantasy Crystal Chronicles: Remastered Edition,PlayStation 4,59
442,Samurai Jack: The Shadow of Aku,PlayStation 2,59
443,Legends of Wrestling II,GameCube,59
444,Namco Museum,Xbox,59
445,Stuart Little 2,Game Boy Advance,59
446,Lethal Skies Elite Pilot: Team SW,PlayStation 2,59
447,ESPN NBA 2Night 2002,PlayStation 2,59
448,Soldier of Fortune: Gold Edition,PlayStation 2,59
449,Green Berets: Powered by Myth II,PC,59
450,Dino Crisis,PC,59
451,Surgeon Simulator CPR,Switch,59
452,Lost Sea,PlayStation 4,59
453,The Evil Within: The Executioner,PlayStation 4,59
454,Kyotokei,Wii,59
455,WWE SmackDown vs. Raw 2008,Wii,59
456,The Godfather: Mob Wars,PSP,59
457,Platypus,PSP,59
458,Ancient Wars: Sparta,PC,59
459,Lucidity,PC,59
460,Cross of the Dutchman,PC,59
461,FIFA Street 2,PlayStation 2,59
462,Micro Machines World Series,PlayStation 4,59
463,FIFA Street,PlayStation 2,59
464,Curved Space,PlayStation 5,59
465,Sisters Royale: Five Sisters Under Fire,Switch,59
466,James Cameron's Avatar: The Game,PC,59
467,Sega Bass Fishing,Wii,59
468,Gauntlet: Seven Sorrows,PlayStation 2,59
469,Shot Online,PC,59
470,Rule of Rose,PlayStation 2,59
471,Aaru's Awakening,PC,59
472,Cars 3: Driven to Win,Xbox One,59
473,Splatterhouse,PlayStation 3,59
474,Pac-Man Party,Wii,59
475,Lunar: Dragon Song,DS,59
476,Starsky & Hutch,GameCube,59
477,Frogger's Adventures: The Rescue,PlayStation 2,59
478,AquaNox 2: Revelation,PC,59
479,Futurama,PlayStation 2,59
480,Yu-Gi-Oh! The Duelists of the Roses,PlayStation 2,59
481,Tom Clancy's Ghost Recon,GameCube,59
482,007: NightFire,PC,59
483,Legends of Wrestling II,PlayStation 2,59
484,Total Immersion Racing,PlayStation 2,59
485,The Lord of the Rings: The Fellowship of the Ring,PC,59
486,Davis Cup Tennis,Game Boy Advance,59
487,Legion,PC,59
488,Empire of the Ants,PC,59
489,Contrast,PlayStation 4,59
490,Mars: War Logs,PC,59
491,Warcraft III: Reforged,PC,59
492,Rogue Trooper Redux,PlayStation 4,59
493,F1 2011,3DS,59
494,Hydrophobia,Xbox 360,59
495,Gods Will Fall,Switch,59
496,Avatar: The Last Airbender,PlayStation 2,59
497,Dynasty Warriors 6 Empires,Xbox 360,59
498,Loadout,PlayStation 4,59
499,Dust 514,PlayStation 3,59
500,Hellpoint,PlayStation 4,59
501,The Spiderwick Chronicles,Xbox 360,59
502,Override: Mech City Brawl,PlayStation 4,59
503,From the Abyss,DS,59
504,NBA Live 15,PlayStation 4,59
505,Naruto Shippuden: Ultimate Ninja Impact,PSP,59
506,Disney's Aladdin,Game Boy Advance,59
507,TARTARUS,PC,59
508,Face Noir,PC,59
509,NBA Live 16,PlayStation 4,59
510,Tamagotchi Connection: Corner Shop,DS,59
511,Rain World,PlayStation 4,59
512,Harvest Moon: Skytree Village,3DS,59
513,Damascus Gear: Operation Tokyo,PlayStation Vita,59
514,Eragon,PSP,59
515,Postal 2: Share the Pain,PC,59
516,Playboy: The Mansion,PC,59
517,A Knight's Quest,Switch,59
518,Dynasty Warriors: Strikeforce,Xbox 360,59
519,Big Mutha Truckers,Xbox,59
520,Sega Rally Championship,Game Boy Advance,59
521,Cabela's Big Game Hunter,PlayStation 2,59
522,The Lord of the Rings: The Fellowship of the Ring,PlayStation 2,59
523,Maximum Capacity: Hotel Giant,PC,59
524,Dark Planet: Battle for Natrolis,PC,59
525,Conflict Zone,PC,59
526,Blacksad: Under the Skin,PlayStation 4,59
527,LEGO Worlds,Switch,59
528,Tetris Ultimate,Xbox One,59
529,Squeeballs Party,Wii,59
530,Alter Ego (2010),PC,59
531,Mega Man Star Force 3: Red Joker,DS,59
532,Open Season,Xbox 360,59
533,GRIP: Combat Racing,Switch,59
534,How to Train Your Dragon,Wii,59
535,Watchmen: The End Is Nigh Complete Experience,PlayStation 3,59
536,Green Lantern: Rise of the Manhunters,Xbox 360,59
537,One Punch Man: A Hero Nobody Knows,Xbox One,59
538,Bionicle Heroes,Xbox 360,59
539,Coded Arms,PSP,59
540,Killzone HD,PlayStation 3,59
541,Super Monkey Ball: Step & Roll,Wii,59
542,The Hobbit,PlayStation 2,59
543,Drug Dealer Simulator,PC,59
544,Vambrace: Cold Soul,Switch,59
545,Darksiders III: Keepers of the Void,PlayStation 4,59
546,Coffee Crisis,Switch,59
547,X4: Foundations,PC,59
548,Devious Dungeon,Switch,59
549,Astro Duel Deluxe,Switch,59
550,Chase: Cold Case Investigations - Distant Memories,3DS,59
551,Necropolis,PC,59
552,Dream (2013),PC,59
553,NHL 15,Xbox One,59
554,Lifeless Planet,PC,59
555,Defiance,PlayStation 3,59
556,Wanted Corp,PlayStation 3,59
557,Faery: Legends of Avalon,PC,59
558,LEGO Battles: Ninjago,DS,59
559,Dark Void,PlayStation 3,59
560,Cocoto Platform Jumper,Wii,59
561,Bolt,PlayStation 3,59
562,Obscure: The Aftermath,PC,59
563,NASCAR 08,Xbox 360,59
564,Nicktoons: Battle for Volcano Island,PlayStation 2,59
565,Garfield: A Tail of Two Kitties,DS,59
566,Armored Core: Last Raven,PlayStation 2,59
567,Harry Potter and the Sorcerer's Stone,Xbox,59
568,Bloody Roar 4,PlayStation 2,59
569,Teenage Mutant Ninja Turtles,PlayStation 2,59
570,Robin Hood: Defender of the Crown,PlayStation 2,59
571,Top Gun: Combat Zones,GameCube,59
572,4x4 EVO 2,Xbox,59
573,Monster House,PlayStation 2,59
574,L.A. Rush,Xbox,59
575,Ultimate Band,Wii,59
576,Sonic Riders,GameCube,59
577,Nucleus,PlayStation 3,59
578,Skater XL,Xbox One,59
579,Schrodinger's Cat and the Raiders of the Lost Quark,PC,59
580,Lost in Blue 3,DS,59
581,Chris Sawyer's Locomotion,PC,59
582,Summer in Mara,Switch,59
583,Utawarerumono Zan,PlayStation 4,59
584,Pokemon Mystery Dungeon: Explorers of Darkness,DS,59
585,Lemmings,PlayStation 3,59
586,The Simpsons Game,PSP,59
587,Godstrike,Switch,59
588,Ignite,PC,59
589,Need for Speed Undercover,DS,59
590,Rapala Pro Fishing,Xbox,59
591,Tom Clancy's Rainbow Six: Lockdown,PC,59
592,Asterix & Obelix: Kick Buttix,PlayStation 2,59
593,Disney Sports Football,GameCube,59
594,The Lord of the Rings: The Fellowship of the Ring,Xbox,59
595,Pryzm Chapter One: The Dark Unicorn,PlayStation 2,59
596,Motor Mayhem: Vehicular Combat League,PlayStation 2,59
597,Sonic: Lost World,3DS,59
598,The Academy: The First Riddle,PC,59
599,Warlander,PC,59
600,Pillar,PlayStation 4,59
601,Abyss,Wii U,59
602,Our World Is Ended.,Switch,59
603,Skylar & Plux: Adventure on Clover Island,PlayStation 4,59
604,Leisure Suit Larry: Magna Cum Laude,PC,59
605,Spirit of the North,Switch,59
606,Dogfight 1942,Xbox 360,59
607,ColorZ,Wii,59
608,Necromunda: Underhive Wars,PlayStation 4,59
609,Dakar 18,PC,59
610,Flash Focus: Vision Training in Minutes a Day,DS,59
611,NBA 08,PlayStation 2,59
612,Way of the Samurai 2,PlayStation 2,59
613,Mortal Kombat Arcade Kollection,PlayStation 3,59
614,Fist of the North Star: Ken's Rage,Xbox 360,59
615,TRON: Evolution - Battle Grids,Wii,59
616,The Chase: Felix Meets Felicity,DS,59
617,Cuban Missile Crisis: The Aftermath,PC,59
618,Disney Epic Mickey 2: The Power of Two,Xbox 360,59
619,Asterix & Obelix XXL 3: The Crystal Menhir,PlayStation 4,59
620,The Inpatient,PlayStation 4,59
621,Crystal Key 2: The Far Realm,PC,59
622,WarJetz,PlayStation 2,59
623,KISS: Psycho Circus,Dreamcast,59
624,Evergrace,PlayStation 2,59
625,AeternoBlade,3DS,59
626,Playboy: The Mansion,PlayStation 2,59
627,Murdered: Soul Suspect,PC,59
628,Victorious Boxers: Revolution,Wii,59
629,Crysis Remastered,PlayStation 4,59
630,The Bunker,Xbox One,59
631,Disaster Report 4: Summer Memories,Switch,59
632,SG/ZH: School Girl Zombie Hunter,PlayStation 4,59
633,Mount & Blade: Warband,Xbox One,59
634,MX vs. ATV Untamed,PSP,59
635,Guitar Hero: Van Halen,PlayStation 3,59
636,Space Crew,PC,59
637,Warlocks 2: God Slayers,Switch,59
638,I Am Bread,Xbox One,59
639,Rack N Ruin,PlayStation 4,59
640,Dynasty Warriors 6,PlayStation 3,59
641,Tony Hawk's Downhill Jam,PlayStation 2,59
642,Surf's Up,PlayStation 3,59
643,Line Rider 2: Unbound,DS,59
644,DOOM 3: BFG Edition,PC,59
645,Pokedex 3D Pro,3DS,59
646,Skylanders Giants,3DS,59
647,Rise of the Argonauts,PC,59
648,Soltrio Solitaire,Xbox 360,59
649,Minecraft: Story Mode - Episode 2: Assembly Required,PC,59
650,Murdered: Soul Suspect,PlayStation 4,59
651,Monster Madness: Battle for Suburbia,PC,59
652,Bleach: The 3rd Phantom,DS,59
653,Amazing Island,GameCube,59
654,Disney Sports Snowboarding,Game Boy Advance,59
655,Men in Black - The Series: Crashdown,PlayStation,59
656,Ship Simulator 2006,PC,59
657,Alpha Prime,PC,59
658,Blade Kitten,PlayStation 3,59
659,Road Redemption,PlayStation 4,59
660,Final Fantasy XV: Episode Gladiolus,PlayStation 4,59
661,Drive!Drive!Drive!,PlayStation 4,59
662,Deadly Premonition: The Director's Cut,PC,59
663,NBA Live 07,Xbox 360,59
664,Spider-Man: Friend or Foe,Wii,59
665,GEON: emotions,Xbox 360,59
666,The Fast and the Furious,PlayStation 2,59
667,Evasive Space,Wii,59
668,Lucius,PC,59
669,MXGP2: The Official Motocross Videogame,Xbox One,59
670,Stitchy in Tooki Trouble,Switch,59
671,12 is Better Than 6,Switch,59
672,PlayStation VR WORLDS,PlayStation 4,59
673,Headhunter: Redemption,Xbox,59
674,Saw,Xbox 360,59
675,BigFest,PlayStation Vita,59
676,Mage Knight: Destiny's Soldier,DS,59
677,Golem,PlayStation 4,59
678,The Legend of Spyro: Dawn of the Dragon,PlayStation 3,59
679,Crossroads Inn,PC,59
680,Empathy: Path of Whispers,PC,59
681,Gladiator Begins,PSP,59
682,Major League Baseball 2K8: Fantasy All-Stars,DS,59
683,Zoo Empire,PC,59
684,Speed Kings,GameCube,59
685,Riding Spirits,PlayStation 2,59
686,Outlive,PC,59
687,Kingdom Under Fire: A War of Heroes,PC,59
688,Maximum Pool,Dreamcast,59
689,Those Who Remain,Xbox One,59
690,Robotech: Invasion,Xbox,59
691,Cars 3: Driven to Win,Switch,59
692,GunWorld 2,Xbox One,59
693,Entwined,PlayStation 4,59
694,Pokemon Rumble,Wii,59
695,Tokyo Xtreme Racer DRIFT,PlayStation 2,59
696,Dead Effect,PC,59
697,Arkadian Warriors,Xbox 360,59
698,MLB SlugFest 2006,Xbox,59
699,Jagged Alliance: Rage!,PC,59
700,The Dark Crystal: Age of Resistance Tactics,PlayStation 4,59
701,SpongeBob Squigglepants,Wii,59
702,Driver: Parallel Lines,Wii,59
703,Anthem,PC,59
704,Everblue 2,PlayStation 2,59
705,Forgotten Fields,PC,59
706,Lost Sea,Xbox One,59
707,Shooting Stars!,PC,59
708,The Incredible Adventures of Van Helsing,Xbox One,59
709,Master Reboot,PC,59
710,Transformers: Dark of the Moon,Xbox 360,59
711,Dance Paradise,Xbox 360,59
712,King Arthur,PlayStation 2,59
713,Whacked!,Xbox,59
714,80 Days (2005),PC,59
715,Hugo: The Evil Mirror,Game Boy Advance,59
716,The Starship Damrey,3DS,59
717,Disney's Magical Quest 3 Starring Mickey and Donald,Game Boy Advance,59
718,Dungeons & Dragons: Dark Alliance,Xbox Series X,59
719,Little Witch Academia: Chamber of Time,PlayStation 4,59
720,Pac-Man and the Ghostly Adventures,Wii U,59
721,How to Train Your Dragon,Xbox 360,59
722,Time Crisis: Razing Storm,PlayStation 3,59
723,Steel Diver,3DS,59
724,Pirates of the Caribbean: At World's End,Xbox 360,59
725,The Weaponographist,PC,59
726,Blacklight: Retribution,PlayStation 4,59
727,Mega Man Star Force 3: Black Ace,DS,59
728,Black Sigil: Blade of the Exiled,DS,58
729,Shining Soul,Game Boy Advance,58
730,The Castle Doctrine,PC,58
731,Battle of the Bands,Wii,58
732,Tharsis,Switch,58
733,NBA ShootOut 2004,PlayStation 2,58
734,Casper: Spirit Dimensions,PlayStation 2,58
735,Romance of the Three Kingdoms XIV,PC,58
736,Backbreaker,PlayStation 3,58
737,The Dark Crystal: Age of Resistance Tactics,Xbox One,58
738,SolSeraph,Xbox One,58
739,Truberbrook,Switch,58
740,DualPenSports,3DS,58
741,Oddworld: Munch's Oddysee HD,Switch,58
742,Dynasty Warriors: Gundam 3,PlayStation 3,58
743,Commandos Strike Force,PlayStation 2,58
744,Gunblade NY & L.A. Machineguns Arcade Hits Pack,Wii,58
745,Enemy Engaged 2,PC,58
746,God Mode,PC,58
747,1954: Alcatraz,PC,58
748,Star Ocean: Integrity and Faithlessness,PlayStation 4,58
749,WWE SmackDown vs. Raw 2009,DS,58
750,Bee Simulator,PC,58
751,Rayman DS,DS,58
752,Cornerstone: The Song of Tyrim,PC,58
753,The Black Mirror,PC,58
754,Enter the Matrix,PC,58
755,Punch King,Game Boy Advance,58
756,Monster Jam Maximum Destruction,Game Boy Advance,58
757,Way of the Samurai 4,PlayStation 3,58
758,Drawn to Life: The Next Chapter,Wii,58
759,Gas Guzzlers: Combat Carnage,PC,58
760,Tennis World Tour 2,PlayStation 5,58
761,Override 2: Super Mech League,Xbox Series X,58
762,ZHEROS,PC,58
763,Dungeons & Dragons Tactics,PSP,58
764,Silent Hill: Book of Memories,PlayStation Vita,58
765,Beijing 2008 - The Official Video Game of the Olympic Games,PlayStation 3,58
766,Worms: Battle Islands,Wii,58
767,Mario Tennis: Ultra Smash,Wii U,58
768,TRON: Evolution,PlayStation 3,58
769,Front Mission Evolved,Xbox 360,58
770,One Piece: World Seeker,PlayStation 4,58
771,Jupiter & Mars,PlayStation 4,58
772,Eagle Eye Golf,PlayStation 2,58
773,APB (All Points Bulletin),PC,58
774,Ford Racing 3,Xbox,58
775,Spider-Man: Edge of Time,PlayStation 3,58
776,Attractio,PlayStation 4,58
777,Jackass the Game,PlayStation 2,58
778,The Tales of Bearsworth Manor: Puzzling Pages,Wii,58
779,Shelter 2,PC,58
780,Front Mission Evolved,PlayStation 3,58
781,Tomb Raider: Legend,DS,58
782,L.A. Rush,PlayStation 2,58
783,Rhem,PC,58
784,Evil Dead: A Fistful of Boomstick,Xbox,58
785,Inside Pitch 2003,Xbox,58
786,Jane's Attack Squadron,PC,58
787,Triple Play Baseball,PC,58
788,Odyssey: The Search for Ulysses,PC,58
789,TRON: Evolution,Xbox 360,58
790,Rush'n Attack,Xbox 360,58
791,The Church in the Darkness,Xbox One,58
792,Assassin's Creed II: Battle of Forli,PlayStation 3,58
793,Wheelman,PC,58
794,Over the Hedge,PlayStation 2,58
795,Marine Park Empire,PC,58
796,Samurai Western,PlayStation 2,58
797,Kyn,PC,58
798,Secrets of Raetikon,PC,58
799,ShellShock: Nam '67,PlayStation 2,58
800,Nickelodeon Kart Racers 2: Grand Prix,PlayStation 4,58
801,Skellboy,Switch,58
802,The Council - Episode 4: Burning Bridges,PC,58
803,Defenders of Ardania,PC,58
804,Aliens in the Attic,DS,58
805,Dread Nautical,PC,58
806,Resident Evil Outbreak File #2,PlayStation 2,58
807,Super Army War,Game Boy Advance,58
808,Black Legend,PC,58
809,Spider-Man: Friend or Foe,PSP,58
810,Singles: Flirt Up Your Life,PC,58
811,Micro Machines World Series,PC,58
812,Clockwork Empires,PC,58
813,Bleach: Shattered Blade,Wii,58
814,John Daly's ProStroke Golf,PlayStation 3,58
815,Untold Legends: Dark Kingdom,PlayStation 3,58
816,Conflict: Vietnam,PlayStation 2,58
817,Bleach: Soul Resurreccion,PlayStation 3,58
818,htoL#NiQ: The Firefly Diary,PlayStation Vita,58
819,Fortix,PSP,58
820,Horizon,PC,58
821,Boogie,DS,58
822,Yanya Caballista: City Skater,PlayStation 2,58
823,Way of the Samurai 3,PlayStation 3,58
824,Jackass the Game,PSP,58
825,Lost Planet 3,Xbox 360,58
826,Tennis World Tour 2,Xbox One,58
827,The Suicide of Rachel Foster,PlayStation 4,58
828,Ary and the Secret of Seasons,Switch,58
829,Sword Art Online: Alicization Lycoris,PlayStation 4,58
830,Memoranda,PC,58
831,Pokemon Rumble World,3DS,58
832,Dynasty Warriors 8 Empires,Xbox One,58
833,Atomic Ninjas,PlayStation 3,58
834,God Mode,Xbox 360,58
835,BreakQuest,PSP,58
836,Hotel Giant 2,PC,58
837,Bee Movie Game,DS,58
838,Hired Guns: The Jagged Edge,PC,58
839,The Sims 2,Game Boy Advance,58
840,Trivial Pursuit Unhinged,Xbox,58
841,Egg Mania: Eggstreme Madness,Xbox,58
842,Virtua Striker 2002,GameCube,58
843,CART Fury Championship Racing,PlayStation 2,58
844,Q*Bert,Dreamcast,58
845,PGA European Tour,Nintendo 64,58
846,Drakengard 2,PlayStation 2,58
847,Blade Kitten,Xbox 360,58
848,Ninja Gaiden 3,Xbox 360,58
849,Pet Alien: An Intergalactic Puzzlepalooza,DS,58
850,Teenage Mutant Ninja Turtles 3: Mutant Nightmare,DS,58
851,Alone in the Dark,Xbox 360,58
852,Pro Evolution Soccer 2008,DS,58
853,Assassin's Creed II: Battle of Forli,Xbox 360,58
854,MySims Kingdom,DS,58
855,Hunter's Legacy,PC,58
856,Space Hulk,PC,58
857,WRC Powerslide,Xbox 360,58
858,The Church in the Darkness,PlayStation 4,58
859,Urban Trial Freestyle,PC,58
860,Cars Race-O-Rama,Wii,58
861,Classic NES Series: Metroid,Game Boy Advance,58
862,Victoria: An Empire Under the Sun,PC,58
863,X2: Wolverine's Revenge,PlayStation 2,58
864,Whirl Tour,PlayStation 2,58
865,Wreckless: The Yakuza Missions,GameCube,58
866,Takeda,PC,58
867,ESPN X Games Skateboarding,PlayStation 2,58
868,Fullmetal Alchemist: Dual Sympathy,DS,58
869,Kao the Kangaroo Round 2,PlayStation 2,58
870,The Fast and the Furious,PSP,58
871,Tom Clancy's Ghost Recon: Breakpoint,PC,58
872,WWE 2K Battlegrounds,Xbox One,58
873,Dynasty Warriors 7,Xbox 360,58
874,Code Lyoko: Quest for Infinity,Wii,58
875,Ritual: Crown of Horns,Switch,58
876,Bridge Constructor,Xbox One,58
877,Blaster Master: Overdrive,Wii,58
878,Cars Mater-National Championship,Xbox 360,58
879,Dawnspire: Prelude,PC,58
880,Dungeons & Dragons: Dark Alliance,PlayStation 5,58
881,V-Rally 4,PlayStation 4,58
882,Assassin's Creed: Altair's Chronicles,DS,58
883,Emergency 3,PC,58
884,Samurai Warriors 2,PlayStation 2,58
885,TMNT,Xbox 360,58
886,Dead by Daylight,Xbox One,58
887,There Came an Echo,PC,58
888,Senran Kagura 2: Deep Crimson,3DS,58
889,Fishing Master,Wii,58
890,Iron Phoenix,Xbox,58
891,Heritage of Kings: The Settlers,PC,58
892,The Legend of Heroes III: Song of the Ocean,PSP,58
893,Space Hulk: Deathwing,PC,58
894,Mitsurugi Kamui Hikae,PlayStation 4,58
895,Castlevania: Lords of Shadow 2,PC,58
896,Bang Bang Racing,Xbox 360,58
897,Madagascar: Escape 2 Africa,PlayStation 3,58
898,Ribbit King,PlayStation 2,58
899,Highland Warriors,PC,58
900,Fighter Maker 2,PlayStation 2,58
901,The Terminator: Dawn of Fate,PlayStation 2,58
902,Street Hoops,Xbox,58
903,Star Wars: Obi-Wan,Xbox,58
904,Dragon Ball Z: Ultimate Tenkaichi,PlayStation 3,58
905,Mega Man Star Force: Leo,DS,58
906,Bladestorm: Nightmare,PlayStation 4,58
907,The Lord of the Rings: Aragorn's Quest,PlayStation 3,58
908,Black Legend,PlayStation 4,58
909,Venture Kid,Switch,58
910,Toy Stunt Bike,3DS,58
911,Conflict: Denied Ops,PC,58
912,SimAnimals,Wii,58
913,Samurai Shodown V,Xbox,58
914,Lost in Blue 2,DS,58
915,Tom Clancy's Splinter Cell Essentials,PSP,58
916,Lost Empire: Immortals,PC,58
917,ReCore,PC,58
918,Tom Clancy's Ghost Recon 2,PlayStation 2,58
919,Desert Child,PlayStation 4,58
920,Goat Simulator,PlayStation 4,58
921,Disney/Pixar Cars 2,DS,58
922,Maelstrom (2007),PC,58
923,Scarface: Money. Power. Respect.,PSP,58
924,Delta Force: Black Hawk Down,PlayStation 2,58
925,Sword Art Online: Alicization Lycoris,Xbox One,58
926,Transformers: Revenge of the Fallen,PC,58
927,Marvel Nemesis: Rise of the Imperfects,PSP,58
928,Marvel Heroes,PC,58
929,Prime World: Defenders,PC,58
930,Wizards of Waverly Place,DS,58
931,Shaun Palmer's Pro Snowboarder,Game Boy Advance,58
932,Heavy Metal: Geomatrix,Dreamcast,58
933,Pitfall: The Mayan Adventure,Game Boy Advance,58
934,Star Wars: Republic Commando,PlayStation 4,58
935,Cel Damage HD,PlayStation 4,58
936,Game of Thrones,PC,58
937,Adventures to Go!,PSP,58
938,Diplomacy,PC,58
939,Tenchu: Fatal Shadows,PlayStation 2,58
940,Ninja Gaiden 3,PlayStation 3,58
941,Fate/Extra,PSP,58
942,Constantine,PlayStation 2,58
943,Sword of the Necromancer,Switch,58
944,Dark Rose Valkyrie,PlayStation 4,58
945,The Dwarves,Xbox One,58
946,Flyhunter Origins,PlayStation Vita,58
947,Bladestorm: The Hundred Years' War,PlayStation 3,58
948,1-2-Switch,Switch,58
949,Peaky Blinders: Mastermind,PC,58
950,The Lord of the Rings: Aragorn's Quest,Wii,58
951,Starsky & Hutch,Xbox,58
952,Zapper: One Wicked Cricket!,Game Boy Advance,58
953,Gore: Ultimate Soldier,PC,58
954,Darkstone,PlayStation,58
955,Of Light and Darkness: The Prophecy,PC,58
956,GoldenEye: Rogue Agent,DS,58
957,Vigilante 8: Arcade,Xbox 360,58
958,Werewolf: The Apocalypse - Earthblood,Xbox Series X,58
959,Overlord Minions,DS,58
960,Rocky Balboa,PSP,58
961,Touhou: Scarlet Curiosity,PlayStation 4,58
962,Scrap Garden,PC,58
963,Monster Rancher EVO,PlayStation 2,58
964,The Caligula Effect,PlayStation Vita,58
965,Formula Fusion,PC,58
966,Furry Legends,Wii,58
967,Xiaolin Showdown,DS,58
968,Futurama,Xbox,58
969,Carnival Games VR,PlayStation 4,58
970,Time Machine VR,PC,58
971,Aegis Wing,Xbox 360,58
972,BlowOut,PlayStation 2,58
973,TiQal,Xbox 360,58
974,Cartoon Network: Punch Time Explosion,3DS,58
975,Wii Play,Wii,58
976,Paradise Lost,PC,58
977,Elex,PlayStation 4,58
978,Omega Quintet,PlayStation 4,58
979,Marvel Nemesis: Rise of the Imperfects,Xbox,58
980,Mega Man X7,PlayStation 2,58
981,Army of Two: The Devil's Cartel,PlayStation 3,58
982,Romancing SaGa,PlayStation 2,58
983,Vicious Circle,PC,58
984,Viviette,Switch,58
985,SINNER: Sacrifice for Redemption,Switch,58
986,This is the Police 2,Switch,58
987,The Long Reach,Switch,58
988,Pixel Heroes: Byte & Magic,Xbox One,58
989,Duke Nukem Forever: The Doctor Who Cloned Me,Xbox 360,58
990,Raving Rabbids: Alive & Kicking,Xbox 360,58
991,Hero of Sparta,PSP,58
992,ARKANOID Live!,Xbox 360,58
993,Over the Hedge: Hammy Goes Nuts,PSP,58
994,Defender,Xbox 360,58
995,SD Gundam Force: Showdown!,PlayStation 2,58
996,ShellShock: Nam '67,Xbox,58
997,Jack the Ripper,PC,58
998,X2: Wolverine's Revenge,Xbox,58
999,Heroes of Might and Magic IV: Winds of War,PC,58
1000,Star Wars: Jedi Power Battles,Game Boy Advance,58
1001,BMX XXX,Xbox,58
1002,RLH: Run Like Hell,PlayStation 2,58
1003,Mobile Suit Gundam: Journey to Jaburo,PlayStation 2,58
1004,The King of Fighters XII,PlayStation 3,58
1005,Mario Party: Island Tour,3DS,58
1006,Transformers: Dark of the Moon,PlayStation 3,58
1007,Kirby Battle Royale,3DS,58
1008,Typoman,Wii U,57
1009,Datura,PlayStation 3,57
1010,Naruto Shippuden: Kizuna Drive,PSP,57
1011,Stranded Sails: Explorers of the Cursed Islands,Switch,57
1012,Vancouver 2010 - The Official Video Game of the Olympic Winter Games,PC,57
1013,Undercover: Operation Wintersun,PC,57
1014,Dirge of Cerberus: Final Fantasy VII,PlayStation 2,57
1015,Fade to Silence,PC,57
1016,OK K.O.! Let's Play Heroes,Xbox One,57
1017,Kuon,PlayStation 2,57
1018,Dragon Ball: Raging Blast 2,Xbox 360,57
1019,Sonic Forces,PlayStation 4,57
1020,Fantastic 4,Game Boy Advance,57
1021,Group S Challenge,Xbox,57
1022,Teenage Mutant Ninja Turtles,GameCube,57
1023,The Cameron Files: Pharaoh's Curse,PC,57
1024,Tactical Ops: Assault on Terror,PC,57
1025,Wolfenstein 3D,Game Boy Advance,57
1026,Supercar Street Challenge,PlayStation 2,57
1027,Dragon Valor,PlayStation,57
1028,Curious George,Xbox,57
1029,Landit Bandit,PlayStation 3,57
1030,"Medieval Lords: Build, Defend, Expand",PC,57
1031,Sacred 3,PC,57
1032,TRON: Evolution,PC,57
1033,Need for Speed ProStreet,PSP,57
1034,Lifeless Planet: Premier Edition,Xbox One,57
1035,Call of Duty: Modern Warfare 3 - Defiance,DS,57
1036,Driver '76,PSP,57
1037,Little Dragons Cafe,PlayStation 4,57
1038,Dynasty Warriors 9,PC,57
1039,Micro Machines World Series,Xbox One,57
1040,Frontline: Fields of Thunder,PC,57
1041,Sinner: Sacrifice for Redemption,PlayStation 4,57
1042,Ghost Mania,Wii,57
1043,Space Chimps,Xbox 360,57
1044,NBA,PSP,57
1045,Dynasty Warriors 7,PlayStation 3,57
1046,Akiba's Trip: Undead & Undressed,PlayStation 3,57
1047,Dragon Ball Z: Harukanaru Densetsu,DS,57
1048,Star Wars: Lethal Alliance,DS,57
1049,Armored Core: Nine Breaker,PlayStation 2,57
1050,Special Forces: Team X,Xbox 360,57
1051,Sea Life Safari,Xbox 360,57
1052,FireStarter,PC,57
1053,Robin Hood: Defender of the Crown,Xbox,57
1054,The Princess Guide,Switch,57
1055,Faery: Legends of Avalon,PlayStation 3,57
1056,Sonic Forces,Switch,57
1057,CrimeCraft,PC,57
1058,Naruto: Path of the Ninja,DS,57
1059,Destiny 2: Curse of Osiris,Xbox One,57
1060,Shadow Puppeteer,Wii U,57
1061,Of Orcs and Men,PlayStation 3,57
1062,Body and Brain Connection,Xbox 360,57
1063,Hunted: The Demon's Forge,PlayStation 3,57
1064,Calico,Switch,57
1065,The Getaway: Black Monday,PlayStation 2,57
1066,Stranger Things 3: The Game,PlayStation 4,57
1067,Rayman Raving Rabbids 2,DS,57
1068,Micro Machines V4,PC,57
1069,Rampage: Total Destruction,GameCube,57
1070,Dark Void,PC,57
1071,Empire Earth II: The Art of Supremacy,PC,57
1072,NASCAR 08,PlayStation 3,57
1073,Mobile Suit Gundam: Extreme VS-Force,PlayStation Vita,57
1074,Pirates of the Caribbean: At World's End,PC,57
1075,Necropolis,PlayStation 4,57
1076,Uno,Xbox One,57
1077,Goliath,PC,57
1078,Zotrix,PlayStation 4,57
1079,Destiny Connect: Tick-Tock Travelers,Switch,57
1080,DreamWorks Shrek Forever After,PlayStation 3,57
1081,Showdown: Legends of Wrestling,Xbox,57
1082,Invincible Tiger: The Legend of Han Tao,PlayStation 3,57
1083,Boogie,Wii,57
1084,Corvette,PlayStation 2,57
1085,Spawn: Armageddon,Xbox,57
1086,The King of Route 66,PlayStation 2,57
1087,The Partners,PC,57
1088,Endgame,PlayStation 2,57
1089,ESPN Great Outdoor Games Bass 2002,Game Boy Advance,57
1090,"Hey You, Pikachu!",Nintendo 64,57
1091,NFL QB Club 2001,Nintendo 64,57
1092,Spy Hunter 2,PlayStation 2,57
1093,Mobile Suit Gundam: Gundam vs. Zeta Gundam,PlayStation 2,57
1094,Puzzle Chronicles,Xbox 360,57
1095,Mobile Suit Gundam Seed: Battle Assault,Game Boy Advance,57
1096,The LEGO Movie 2 Videogame,PlayStation 4,57
1097,Skater XL,PlayStation 4,57
1098,Captain America: Super Soldier,Wii,57
1099,SOL: Exodus,PC,57
1100,Ary and the Secret of Seasons,Xbox One,57
1101,Vector Thrust,PC,57
1102,Outlaw Volleyball Remixed,PlayStation 2,57
1103,Judge Dredd: Dredd VS Death,Xbox,57
1104,The Lord of the Rings: Conquest,PC,57
1105,Chronicles of Mystery: Curse of the Ancient Temple,DS,57
1106,Destruction Derby Arenas,PlayStation 2,57
1107,Spy Hunter 2,Xbox,57
1108,Drome Racers,PlayStation 2,57
1109,Dungeons & Dragons: Eye of the Beholder,Game Boy Advance,57
1110,Myst III: Exile,PlayStation 2,57
1111,BASS Strike,PlayStation 2,57
1112,Ducati World Racing Challenge,PC,57
1113,SVC Chaos: SNK vs. Capcom,Xbox,57
1114,Rise of the Argonauts,PlayStation 3,57
1115,The Sims 2: Pets,PSP,57
1116,Bolt,Xbox 360,57
1117,Deca Sports DS,DS,57
1118,Kao the Kangaroo Round 2,GameCube,57
1119,Avatar: The Last Airbender,PSP,57
1120,Teenage Mutant Ninja Turtles 3: Mutant Nightmare,GameCube,57
1121,Destiny 2: Curse of Osiris,PlayStation 4,57
1122,Disney Epic Mickey 2: The Power of Two,Wii U,57
1123,One Punch Man: A Hero Nobody Knows,PlayStation 4,57
1124,Gear.Club Unlimited 2,Switch,57
1125,Fossil Fighters: Frontier,3DS,57
1126,Genesis Rising: The Universal Crusade,PC,57
1127,Necromunda: Hired Gun,Xbox Series X,57
1128,The Bunker,PC,57
1129,ZHEROS,Xbox One,57
1130,Onechanbara Z2: Chaos,PlayStation 4,57
1131,Final Exam,Xbox 360,57
1132,Art of Murder: Cards of Destiny,PC,57
1133,DreamWorks Shrek the Third,PSP,57
1134,Carmen Sandiego: The Secret of the Stolen Drums,GameCube,57
1135,World War II Online: Blitzkrieg,PC,57
1136,Merchant Prince II,PC,57
1137,Robotech: Invasion,PlayStation 2,57
1138,Dynasty Warriors Vol. 2,PSP,57
1139,Randal's Monday,PC,57
1140,Armikrog,PC,57
1141,Double Dragon,Xbox 360,57
1142,Blazing Angels: Squadrons of WWII,Wii,57
1143,Breach,Xbox 360,57
1144,Michael Jackson The Experience HD,PlayStation Vita,57
1145,The Legend of Spyro: Dawn of the Dragon,DS,57
1146,EyePet,PSP,57
1147,SpongeBob SquarePants: Creature from the Krusty Krab,Wii,57
1148,FIFA Soccer 13,PlayStation Vita,57
1149,Dead Space 2: Severed,Xbox 360,57
1150,Nether,PC,57
1151,ESPN NFL PrimeTime 2002,Xbox,57
1152,Tomb Raider: Chronicles,PC,57
1153,Sydney 2000,PlayStation,57
1154,The First Templar,PC,57
1155,Astro Bears Party,Switch,57
1156,Legend: Hand of God,PC,57
1157,Griefhelm,PC,57
1158,Rugby 20,Xbox One,57
1159,Wizardry: Labyrinth of Lost Souls,PlayStation 3,57
1160,Zatch Bell! Mamodo Battles,GameCube,57
1161,Faery: Legends of Avalon,Xbox 360,57
1162,Bomberman Land,Wii,57
1163,Tour de France 2018,PlayStation 4,57
1164,Rocketmen: Axis of Evil,Xbox 360,57
1165,Dynasty Warriors 5: Xtreme Legends,PlayStation 2,57
1166,Neverland Card Battles,PSP,57
1167,Stronghold Legends,PC,57
1168,Warpath,PC,57
1169,Black Mirror,Xbox One,57
1170,Sumioni: Demon Arts,PlayStation Vita,57
1171,Prince of Persia: The Forgotten Sands,DS,57
1172,Rocketmen: Axis of Evil,PlayStation 3,57
1173,Shrek the Third,Game Boy Advance,57
1174,Army Corps of Hell,PlayStation Vita,57
1175,Spider-Man: Friend or Foe,PC,57
1176,Iro Hero,Switch,57
1177,Dead Island: Riptide,Xbox 360,57
1178,Eclipse: Edge of Light,PlayStation 4,57
1179,Orangeblood,PC,57
1180,Men of War: Condemned Heroes,PC,57
1181,Chulip,PlayStation 2,57
1182,Pool of Radiance: Ruins of Myth Drannor,PC,57
1183,Sniper: Ghost Warrior 3,Xbox One,57
1184,The Nightmare of Druaga,PlayStation 2,57
1185,Dragon Ball: Raging Blast,PlayStation 3,57
1186,Aegis of Earth: Protonovus Assault,PlayStation 4,57
1187,Cyberpunk 2077,PlayStation 4,57
1188,Ruff Trigger: The Vanocore Conspiracy,PlayStation 2,57
1189,Pulse,PC,57
1190,RWBY: Grimm Eclipse,Xbox One,57
1191,Soul Axiom,PC,57
1192,Spider-Man: Edge of Time,Xbox 360,57
1193,DRIV3R,PlayStation 2,57
1194,Uncanny Valley,Xbox One,57
1195,Catlateral Damage,PlayStation 4,57
1196,The Great Escape,PlayStation 2,57
1197,Batman: Vengeance,PC,57
1198,EOE: Eve of Extinction,PlayStation 2,57
1199,Ready 2 Rumble Boxing: Round 2,Game Boy Advance,57
1200,NCAA GameBreaker 2001,PlayStation 2,57
1201,Toy Story 2: Buzz Lightyear to the Rescue!,Dreamcast,57
1202,Moscow to Berlin: Red Siege,PC,57
1203,Disney Epic Mickey 2: The Power of Two,PlayStation Vita,57
1204,Back to Bed,PC,57
1205,Tiny Troopers,PC,57
1206,Paradise (2006),PC,57
1207,Trials of the Blood Dragon,Xbox One,57
1208,Pac-Man World Rally,GameCube,57
1209,Guitar Hero: Van Halen,Xbox 360,57
1210,The Ward,PC,57
1211,Jet Car Stunts,PC,57
1212,Little Deviants,PlayStation Vita,57
1213,Wrecked: Revenge Revisited,Xbox 360,57
1214,Deep Labyrinth,DS,57
1215,Supremacy: Four Paths to Power,PC,57
1216,Capcom Fighting Evolution,PlayStation 2,57
1217,Vietcong: Purple Haze,Xbox,57
1218,Animal Force,PlayStation 4,57
1219,Mugen Souls Z,PlayStation 3,57
1220,Iridium Runners,PlayStation 2,57
1221,Lionheart: Legacy of the Crusader,PC,57
1222,Harbinger,PC,57
1223,NCAA Final Four 2003,PlayStation 2,57
1224,Arctic Thunder,Xbox,57
1225,NHL FaceOff 2001,PlayStation 2,57
1226,Sonic Adventure DX Director's Cut,GameCube,57
1227,DreamWorks Kung Fu Panda: Legendary Warriors,Wii,57
1228,Dawn of Mana,PlayStation 2,57
1229,Gigantosaurus: The Game,Xbox One,57
1230,Submerged,Xbox One,57
1231,Dementium Remastered,3DS,57
1232,The Amazing Spider-Man 2,PC,57
1233,Shrek the Third,Wii,57
1234,Tony Hawk's Proving Ground,Wii,57
1235,"Warhammer 40,000: Squad Command",DS,57
1236,UberSoldier,PC,57
1237,Knock-knock,PC,57
1238,Far Cry 5: Lost on Mars,PlayStation 4,57
1239,Toy Home,PlayStation 3,57
1240,Fade to Silence,Xbox One,57
1241,Toren,PC,57
1242,Akiba's Trip: Undead & Undressed,PlayStation 4,57
1243,Sherlock Holmes: The Mystery of the Mummy,DS,57
1244,BattleZone,PSP,57
1245,Shrek: Reekin' Havoc,Game Boy Advance,57
1246,The Incredible Hulk (2003),Game Boy Advance,57
1247,Army Men Advance,Game Boy Advance,57
1248,Death By Cube,Xbox 360,57
1249,WWE 2K15,Xbox One,57
1250,Guilty Gear 2: Overture,Xbox 360,57
1251,Don King Presents: Prizefighter,Xbox 360,57
1252,D-Day,PC,57
1253,"Jungle Rumble: Freedom, Happiness and Bananas",PlayStation Vita,57
1254,The Hong Kong Massacre,Switch,57
1255,Cannibal Cuisine,PC,57
1256,Naruto: Ninja Council 3,DS,57
1257,Xevious,Xbox 360,57
1258,Data East Arcade Classics,Wii,57
1259,Borderlands: Mad Moxxi's Underdome Riot,PlayStation 3,57
1260,Age of Pirates: Caribbean Tales,PC,57
1261,Globulos Party,DS,57
1262,Guardians of Middle-Earth,PC,57
1263,Rave Master: Special Attack Force,Game Boy Advance,57
1264,Teenage Mutant Ninja Turtles,Xbox,57
1265,Starsky & Hutch,PC,57
1266,World Racing,Xbox,57
1267,Big Air Freestyle,GameCube,57
1268,New Legends,Xbox,57
1269,BlackSite: Area 51,PlayStation 3,57
1270,Deadliest Catch: Alaskan Storm,Xbox 360,57
1271,Warplanes: WW2 Dogfight,Switch,57
1272,Raiders of the Broken Planet,PlayStation 4,57
1273,MySims SkyHeroes,Xbox 360,57
1274,Theseus,PlayStation 4,57
1275,Shrek the Third,PlayStation 2,57
1276,MeiQ: Labyrinth of Death,PlayStation Vita,57
1277,Diabolical Pitch,Xbox 360,57
1278,Earthfall,Xbox One,57
1279,Sacred 3,PlayStation 3,57
1280,Monopoly,Xbox 360,57
1281,Sonic Riders: Zero Gravity,PlayStation 2,57
1282,Disney/Pixar Ratatouille,Xbox 360,57
1283,World Tour Soccer 2006,PlayStation 2,57
1284,"Carnival Games: Monkey See, Monkey Do!",Xbox 360,57
1285,Jump Force,PlayStation 4,57
1286,Disciples III: Renaissance,PC,57
1287,Spartan (2004),PC,57
1288,Savage Skies,PlayStation 2,57
1289,Deadliest Warrior: Legends,Xbox 360,57
1290,Manchester United Soccer 2005,PC,57
1291,MLB SlugFest 2006,PlayStation 2,57
1292,Naruto Shippuden: Shinobi Rumble,DS,57
1293,Velvet Assassin,Xbox 360,57
1294,WWE Crush Hour,PlayStation 2,57
1295,NASCAR 08,PlayStation 2,57
1296,Fullmetal Alchemist and the Broken Angel,PlayStation 2,56
1297,Neptunia Virtual Stars,PlayStation 4,56
1298,We Cheer,Wii,56
1299,Surgeon Simulator: Anniversary Edition,PlayStation 4,56
1300,Rayman Raving Rabbids,DS,56
1301,The Technomancer,PC,56
1302,Werewolf: The Apocalypse - Earthblood,PC,56
1303,House Flipper,Switch,56
1304,Earthlock: Festival of Magic,PlayStation 4,56
1305,Q*bert: Rebooted: The XBOX One @!#?@! Edition,Xbox One,56
1306,Table Mini Golf,PlayStation Vita,56
1307,Da New Guys: Day of the Jackass,PC,56
1308,3D Classics: Xevious,3DS,56
1309,Jewel Master: Egypt,DS,56
1310,Iron Warriors: T-72 Tank Command,PC,56
1311,Combat Elite: WWII Paratroopers,Xbox,56
1312,TV Superstars,PlayStation 3,56
1313,Port Royale 3: Pirates and Merchants,Xbox 360,56
1314,Unbound Saga,PSP,56
1315,Teenage Mutant Ninja Turtles 3: Mutant Nightmare,Xbox,56
1316,Coded Arms: Contagion,PSP,56
1317,Neverwinter Nights: Enhanced Edition,Switch,56
1318,The Adventures of Tintin: The Game,3DS,56
1319,Safecracker: The Ultimate Puzzle Adventure,Wii,56
1320,Besieger,PC,56
1321,Scooby-Doo! Mystery Mayhem,Xbox,56
1322,Spawn: Armageddon,PlayStation 2,56
1323,Deadly Dozen,PC,56
1324,Blair Witch Volume II: The Legend of Coffin Rock,PC,56
1325,Deadliest Warrior: The Game,Xbox 360,56
1326,MySims Party,Wii,56
1327,Dynasty Warriors DS: Fighter's Battle,DS,56
1328,Scooby-Doo!  Who's Watching Who?,DS,56
1329,Warriors Orochi 2,PSP,56
1330,SpongeBob SquarePants: Creature from the Krusty Krab,DS,56
1331,Rooms: The Main Building,DS,56
1332,Medal of Honor: Vanguard,Wii,56
1333,The Chronicles of Narnia: Prince Caspian,PlayStation 3,56
1334,Roving Rogue,Wii U,56
1335,Dragon Age: Origins - Witch Hunt,Xbox 360,56
1336,Gotcha Force,GameCube,56
1337,DreamWorks Shrek SuperSlam,DS,56
1338,LOL: Never Party Alone!,DS,56
1339,Lethal VR,PlayStation 4,56
1340,Thor: God of Thunder,Wii,56
1341,High School Musical: Sing It!,PlayStation 2,56
1342,Dance Factory,PlayStation 2,56
1343,Gyruss,Xbox 360,56
1344,The Council - Episode 5: Checkmate,PC,56
1345,Pokemon Shuffle,3DS,56
1346,Jambo! Safari: Animal Rescue,Wii,56
1347,Perception,PlayStation 4,56
1348,Dangerous Golf,PlayStation 4,56
1349,Far Cry 4: Escape from Durgesh Prison,PlayStation 4,56
1350,Infinity Runner,PC,56
1351,Army Men: Sarge's War,GameCube,56
1352,Disney Sports: Motocross,Game Boy Advance,56
1353,Street Hoops,GameCube,56
1354,Tang Tang,Game Boy Advance,56
1355,Fair Strike,PC,56
1356,ADR1FT,PlayStation 4,56
1357,Necromunda: Hired Gun,PlayStation 5,56
1358,Toren,PlayStation 4,56
1359,Sonic Riders: Zero Gravity,Wii,56
1360,Achtung! Cthulhu Tactics,PC,56
1361,Gal*Gun 2,PlayStation 4,56
1362,Hardware: Rivals,PlayStation 4,56
1363,Barnyard,Game Boy Advance,56
1364,Active Life: Extreme Challenge,Wii,56
1365,Judge Dredd: Dredd VS Death,GameCube,56
1366,Deadly Premonition 2: A Blessing in Disguise,Switch,56
1367,Verdun,PlayStation 4,56
1368,Spelunker HD,PlayStation 3,56
1369,Dynasty Warriors Advance,Game Boy Advance,56
1370,Dragoneer's Aria,PSP,56
1371,Monster Jam Steel Titans 2,PC,56
1372,Crucible,PC,56
1373,Praetorians HD Remaster,PC,56
1374,The LEGO Movie 2 Videogame,Switch,56
1375,Train Sim World,PlayStation 4,56
1376,Supreme League of Patriots,PC,56
1377,Dead Rising 3: Fallen Angel,Xbox One,56
1378,Eco Shooter: Plant 530,Wii,56
1379,Critter Round-Up,Wii,56
1380,The Italian Job,GameCube,56
1381,Tokyo Beat Down,DS,56
1382,Ary and the Secret of Seasons,PlayStation 4,56
1383,100ft Robot Golf,PlayStation 4,56
1384,Summer Athletics: The Ultimate Challenge,Wii,56
1385,Michael Jackson The Experience,Wii,56
1386,Dragon Ball: Raging Blast,Xbox 360,56
1387,Submerged,PlayStation 4,56
1388,Drawn to Death,PlayStation 4,56
1389,Shattered Skies,PC,56
1390,Star Wars The Clone Wars: Lightsaber Duels,Wii,56
1391,Garfield and His Nine Lives,Game Boy Advance,56
1392,Maximum Chase,Xbox,56
1393,Reign of Fire,PlayStation 2,56
1394,The X-Files Game,PC,56
1395,Carnival Games,Wii,56
1396,Iron Man,DS,56
1397,Kung-Fu High Impact,Xbox 360,56
1398,Tennis World Tour 2,PlayStation 4,56
1399,Law & Order: Criminal Intent,PC,56
1400,Perception,PC,56
1401,Sonic Riders,Xbox,56
1402,Cooking Mama: Sweet Shop,3DS,56
1403,Dungeon Explorer: Warriors of Ancient Arts,PSP,56
1404,Bet on Soldier: Blood Sport,PC,56
1405,Viva Pinata: Party Animals,Xbox 360,56
1406,Yu Yu Hakusho: Dark Tournament,PlayStation 2,56
1407,Inversion,PlayStation 3,56
1408,RF Online,PC,56
1409,DRIV3R,Xbox,56
1410,Star Trek: Legacy,PC,56
1411,The Walking Dead Onslaught,PC,56
1412,Mafia II: Definitive Edition,PlayStation 4,56
1413,Bush Hockey League,PlayStation 4,56
1414,APB: Reloaded,PC,56
1415,Colosseum: Road to Freedom,PlayStation 2,56
1416,Syndrome,PC,56
1417,Spyro: Enter the Dragonfly,PlayStation 2,56
1418,X-Men: Next Dimension,Xbox,56
1419,4x4 EVO 2,GameCube,56
1420,Carnivores: Cityscape,PC,56
1421,SpongeBob SquarePants: Creature from the Krusty Krab,PlayStation 2,56
1422,Vancouver 2010 - The Official Video Game of the Olympic Winter Games,PlayStation 3,56
1423,EA Replay,PSP,56
1424,Zatch Bell! Mamodo Battles,PlayStation 2,56
1425,Peter Jackson's King Kong: The Official Game of the Movie,PSP,56
1426,Valkyria Revolution,Xbox One,56
1427,Pirates of Black Cove,PC,56
1428,Predator: Hunting Grounds,PlayStation 4,56
1429,Ace Combat Advance,Game Boy Advance,56
1430,Harry Potter and the Sorcerer's Stone,PlayStation 2,56
1431,Contract J.A.C.K.,PC,56
1432,Sonic Forces,PC,56
1433,Transformers: The Game,PlayStation 2,56
1434,Super Monkey Ball Adventure,PSP,56
1435,Teen Titans,PlayStation 2,56
1436,Transformers Prime: The Game,Wii U,56
1437,Touch the Dead,DS,56
1438,WWE 2K Battlegrounds,Switch,56
1439,Avatar: The Last Airbender,Wii,56
1440,Supreme Commander,Xbox 360,56
1441,The Chronicles of Narnia: Prince Caspian,Xbox 360,56
1442,Scene It? Bright Lights! Big Screen!,Xbox 360,56
1443,G.I. Joe: Operation Blackout,Xbox One,56
1444,Don't Knock Twice,PlayStation 4,56
1445,Run Like Hell!,PlayStation Vita,56
1446,Super Toy Cars,Wii U,56
1447,Red Johnson's Chronicles - One Against All,PlayStation 3,56
1448,Table Top Tanks,PlayStation Vita,56
1449,Hot Dog King A Fast Food Empire,PC,56
1450,MUD - FIM Motocross World Championship,PlayStation 3,56
1451,Azur Lane: Crosswave,PlayStation 4,56
1452,Justice League: Injustice for All,Game Boy Advance,56
1453,Zapper,PlayStation 2,56
1454,Pokemon Rumble Blast,3DS,56
1455,Next Life,PC,56
1456,Short Peace: Ranko Tsukigime's Longest Day,PlayStation 3,56
1457,Master of the Monster Lair,DS,56
1458,Bound by Flame,PC,56
1459,Tenchu Z,Xbox 360,56
1460,Alexander,PC,56
1461,Miami Law,DS,56
1462,RollerCoaster Tycoon Adventures,Switch,56
1463,Tom Clancy's Ghost Recon: Breakpoint,PlayStation 4,56
1464,Rafa Nadal Tennis,DS,56
1465,Edna & Harvey: The Breakout,PC,56
1466,ProStroke Golf - World Tour 2007,PC,56
1467,DreamWorks Shrek the Third,Xbox 360,56
1468,Leisure Suit Larry: Reloaded,PC,56
1469,WWE WrestleMania 21,Xbox,56
1470,Contra: Rogue Corps,Xbox One,56
1471,Dynasty Warriors 9,Xbox One,56
1472,Empyre: Lords of the Sea Gates,PC,56
1473,Dead Effect 2,Xbox One,56
1474,FIFA Street 3,DS,56
1475,Korea: Forgotten Conflict,PC,56
1476,Cool Boarders 2001,PlayStation,56
1477,Postal,PC,56
1478,Kinect Star Wars,Xbox 360,56
1479,Under the Skin,PlayStation 2,56
1480,Start the Party!,PlayStation 3,56
1481,Bloody Good Time,Xbox 360,56
1482,Onechanbara: Bikini Zombie Slayers,Wii,56
1483,Genji: Days of the Blade,PlayStation 3,56
1484,Sniper: Ghost Warrior 3,PlayStation 4,56
1485,Dynasty Warriors: Gundam,Xbox 360,56
1486,Table Top Racing: World Tour,PlayStation 4,56
1487,How to Survive,Wii U,56
1488,Super Monkey Ball 3D,3DS,56
1489,I of the Dragon,PC,56
1490,Ice Age: Scrat's Nutty Adventure,PlayStation 4,56
1491,Dark Horizon,PC,56
1492,Monster Madness: Battle for Suburbia,Xbox 360,56
1493,Samurai Warriors 3,Wii,56
1494,Watchmen: The End Is Nigh,Xbox 360,56
1495,Eco-Creatures: Save the Forest,DS,56
1496,The Amazing Spider-Man,3DS,56
1497,Shifting World,3DS,56
1498,Crazy Machines Elements,Xbox 360,56
1499,"Casino, Inc.",PC,56
1500,Zapper,Xbox,55
1501,Aliens Versus Predator 2: Primal Hunt Expansion Pack,PC,55
1502,Hercules: The Legendary Journeys,Nintendo 64,55
1503,Buzz Lightyear of Star Command,Dreamcast,55
1504,Naruto Shippuden: Ninja Destiny 2,DS,55
1505,The Incredible Hulk,PlayStation 3,55
1506,Monster Madness: Grave Danger,PlayStation 3,55
1507,VR Ping Pong Pro,PlayStation 4,55
1508,Close to the Sun,Switch,55
1509,Warriors Orochi,PlayStation 2,55
1510,TMNT,PC,55
1511,Ford Mustang: The Legend Lives,Xbox,55
1512,Haze,PlayStation 3,55
1513,The Amazing Spider-Man,PlayStation Vita,55
1514,Humans Must Answer,PC,55
1515,Anna,PC,55
1516,C.O.P.: The Recruit,DS,55
1517,Sonic Riders,PlayStation 2,55
1518,Shinobido 2: Revenge of Zen,PlayStation Vita,55
1519,Thor: God of Thunder,3DS,55
1520,Indiana Jones and the Staff of Kings,Wii,55
1521,Crimson Dragon,Xbox One,55
1522,Dragon Ball Z: Ultimate Tenkaichi,Xbox 360,55
1523,Pokemon Channel,GameCube,55
1524,X2: Wolverine's Revenge,PC,55
1525,Surf Rocket Racers,Dreamcast,55
1526,Othello,Switch,55
1527,Cube Life: Island Survival,Wii U,55
1528,Medal of Honor: Warfighter,PlayStation 3,55
1529,300: March to Glory,PSP,55
1530,Cartoon Network Racing,DS,55
1531,Rush,PSP,55
1532,Hot Pixel,PSP,55
1533,Hyperdimension Neptunia Victory,PlayStation 3,55
1534,Insecticide,DS,55
1535,You're in the Movies,Xbox 360,55
1536,Half Past Fate: Romantic Distancing,Switch,55
1537,Solo: Islands of the Heart,Switch,55
1538,Hoshigami: Ruining Blue Earth Remix,DS,55
1539,Naruto: Ninja Council 2,Game Boy Advance,55
1540,The Bradwell Conspiracy,Xbox One,55
1541,Topatoi: Spinning Through The Worlds,PlayStation 3,55
1542,Sniper: Ghost Warrior,PC,55
1543,Gryphon Knight Epic,PC,55
1544,Ninjamurai,PSP,55
1545,Space Hulk: Deathwing,PlayStation 4,55
1546,Monochroma,PC,55
1547,Shrek 2,PC,55
1548,RLH: Run Like Hell,Xbox,55
1549,Totaled!,Xbox,55
1550,Frogger Advance: The Great Quest,Game Boy Advance,55
1551,Legends of Wrestling,PlayStation 2,55
1552,SportsBarVR,PlayStation 4,55
1553,Bright Memory,Xbox Series X,55
1554,The Assembly,PC,55
1555,Ghostbusters: The Video Game,DS,55
1556,Trioncube,DS,55
1557,Fist of the North Star: Ken's Rage 2,Xbox 360,55
1558,Asteroids & Deluxe,Xbox 360,55
1559,Bomberman Land Portable,PSP,55
1560,Disney/Pixar Ratatouille,PlayStation 3,55
1561,Smash Court Tennis 3,Xbox 360,55
1562,Bullet Witch,Xbox 360,55
1563,The Incredibles,PC,55
1564,Metal Wolf Chaos XD,Xbox One,55
1565,Cabela's Dangerous Hunts 2011,Xbox 360,55
1566,Akiba's Beat,PlayStation 4,55
1567,Classic NES Series: Donkey Kong,Game Boy Advance,55
1568,NHL FaceOff 2003,PlayStation 2,55
1569,Codename: Outbreak,PC,55
1570,Zack Zero,PC,55
1571,IGPX: Immortal Grand Prix,PlayStation 2,55
1572,Blitzkrieg II: Fall of the Reich,PC,55
1573,Myst III: Exile,Xbox,55
1574,Bob Help Them,Switch,55
1575,Galaxy Warfighter,Switch,55
1576,Suicide Guy,Switch,55
1577,Robocraft Infinity,Xbox One,55
1578,Touhou Genso Rondo: Bullet Ballet,PlayStation 4,55
1579,Bohemian Killing,PC,55
1580,Magnetic: Cage Closed,Xbox One,55
1581,The Amazing Spider-Man 2,Xbox 360,55
1582,Battlestar Galactica,Xbox 360,55
1583,Hard to be a God,PC,55
1584,GunGriffon: Allied Strike,Xbox,55
1585,Blair Witch Volume III: The Elly Kedward Tale,PC,55
1586,Trials of the Blood Dragon,PlayStation 4,55
1587,Fable Heroes,Xbox 360,55
1588,Diner Dash: Sizzle & Serve,PSP,55
1589,Iron Front: Liberation 1944,PC,55
1590,Rune Factory: Tides of Destiny,PlayStation 3,55
1591,Mario & Sonic at the Sochi 2014 Olympic Winter Games,Wii U,55
1592,Mighty No. 9,Xbox One,55
1593,Criminal Girls: Invite Only,PlayStation Vita,55
1594,Yar's Revenge,Xbox 360,55
1595,Alone in the Dark,PC,55
1596,Medal of Honor: Warfighter,PC,55
1597,Elite: Dangerous - Odyssey,PC,55
1598,DreadOut,PC,55
1599,WWE Survivor Series,Game Boy Advance,55
1600,Rabbids Travel in Time 3D,3DS,55
1601,Crasher,PC,55
1602,Teenage Mutant Ninja Turtles (2003),PC,55
1603,Endless Ages,PC,55
1604,Space Channel 5: Ulala's Cosmic Attack,Game Boy Advance,55
1605,Zapper,GameCube,55
1606,Conflict: Desert Storm,PlayStation 2,55
1607,Driven,GameCube,55
1608,Might and Magic IX,PC,55
1609,The Seven Deadly Sins: Knights of Britannia,PlayStation 4,55
1610,Showdown: Legends of Wrestling,PlayStation 2,55
1611,Alien Spidy,Xbox 360,55
1612,NBA Ballers: Chosen One,Xbox 360,55
1613,Fade to Silence,PlayStation 4,55
1614,Woolfe - The Red Hood Diaries,PC,55
1615,The War of the Worlds,Xbox 360,55
1616,Mugen Souls,PlayStation 3,55
1617,Warhammer Quest,PC,55
1618,Order Up!!,PlayStation 3,55
1619,Cake Mania,DS,55
1620,BlowOut,Xbox,55
1621,Trinity: Souls of Zill O'll,PlayStation 3,55
1622,SpellForce 2: Faith in Destiny,PC,55
1623,Warhammer: Battle March,Xbox 360,55
1624,Scooby-Doo! Mystery Mayhem,PlayStation 2,55
1625,Rugby 2004,PC,55
1626,WWE Crush Hour,GameCube,55
1627,NCAA Final Four 2001,PlayStation,55
1628,Mega Man Star Force 2: Zerker x Ninja,DS,55
1629,Rugby World Cup 2011,Xbox 360,55
1630,The Lord of the Rings: Conquest,Xbox 360,55
1631,Judge Dredd: Dredd VS Death,PC,55
1632,The Incredibles,Game Boy Advance,55
1633,The Park,PlayStation 4,55
1634,Babel Rising,PlayStation 3,55
1635,Conflict: Vietnam,PC,55
1636,GERRRMS,Switch,55
1637,Warhammer: Battle for Atluma,PSP,55
1638,Transformers: The Game,PC,55
1639,Alias (2004),PC,55
1640,The Great Escape,Xbox,55
1641,The Simpsons: Road Rage,Game Boy Advance,55
1642,The Italian Job,PlayStation 2,55
1643,Gunfighter: The Legend of Jesse James,PlayStation,55
1644,Driving Emotion Type-S,PlayStation 2,55
1645,Samurai Warriors 2: Empires,PlayStation 2,55
1646,Terminator: Resistance,Xbox One,55
1647,STONE,PC,55
1648,Darkout,PC,55
1649,The Cursed Crusade,PC,55
1650,Lost: Via Domus,Xbox 360,55
1651,Spider-Man: Friend or Foe,DS,55
1652,Teenage Mutant Ninja Turtles: Mutants in Manhattan,Xbox One,55
1653,Marvel Super Hero Squad: The Infinity Gauntlet,Xbox 360,55
1654,Way of the Samurai 3,Xbox 360,55
1655,Titan Quest,PlayStation 4,55
1656,The Incredible Hulk,Xbox 360,55
1657,Evil Dead: A Fistful of Boomstick,PlayStation 2,55
1658,Saint Seiya: Brave Soldiers,PlayStation 3,55
1659,DiRT 2,PSP,55
1660,X-Men Origins: Wolverine,DS,55
1661,Pirates of the Caribbean: At World's End,PlayStation 3,55
1662,Anamorphine,PlayStation 4,55
1663,Don King Boxing,Wii,55
1664,Virtua Quest,GameCube,55
1665,Kingdom Under Fire: Circle of Doom,Xbox 360,55
1666,Centipede & Millipede,Xbox 360,55
1667,Jaws Unleashed,PC,55
1668,BurgerTime: World Tour,Xbox 360,55
1669,Mega Man Star Force 2: Zerker x Saurian,DS,55
1670,Fury,PC,55
1671,Sense: A Cyberpunk Ghost Story,Switch,55
1672,A.W.: Phoenix Festa,PlayStation Vita,55
1673,X-Men: The Official Game,Game Boy Advance,55
1674,Tecmo Classic Arcade,Xbox,55
1675,Salt Lake 2002,Game Boy Advance,55
1676,Homefront: The Revolution,PC,55
1677,Moebius: Empire Rising,PC,55
1678,The Legend of Spyro: The Eternal Night,PlayStation 2,55
1679,MUD - FIM Motocross World Championship,Xbox 360,55
1680,Disney*Pixar WALL-E,DS,55
1681,CSI: Miami,PC,55
1682,I Heart Geeks!,DS,55
1683,Anthem,PlayStation 4,55
1684,POSTAL Redux,PC,55
1685,Knack,PlayStation 4,55
1686,Soul Axiom,Xbox One,55
1687,Gemini: Heroes Reborn,PC,55
1688,Battle of Europe,PC,55
1689,Backbreaker,Xbox 360,55
1690,Feather,Switch,55
1691,The Tomorrow Children,PlayStation 4,55
1692,King Arthur: Fallen Champions,PC,55
1693,Sadame,3DS,55
1694,2Dark,PlayStation 4,55
1695,True Crime: New York City,PC,55
1696,Pac-Man World Rally,PlayStation 2,55
1697,Port Royale 3: Pirates and Merchants,PC,55
1698,Scooby Doo!  Who's Watching Who?,PSP,55
1699,Super Bubble Pop,GameCube,55
1700,Reign of Fire,GameCube,54
1701,Orphen: Scion of Sorcery,PlayStation 2,54
1702,Mario Party Advance,Game Boy Advance,54
1703,Buildings Have Feelings Too!,PlayStation 4,54
1704,Bitlogic - A Cyberpunk Arcade Adventure,Switch,54
1705,Kholat,Xbox One,54
1706,Black Mirror,PlayStation 4,54
1707,Fret Nice,Xbox 360,54
1708,Shaq Fu: A Legend Reborn,Xbox One,54
1709,The Political Machine 2012,PC,54
1710,NBA Ballers: Chosen One,PlayStation 3,54
1711,Pocketbike Racer,Xbox 360,54
1712,River King: Mystic Valley,DS,54
1713,Import Tuner Challenge,Xbox 360,54
1714,Iron Man 2,DS,54
1715,UFC: Sudden Impact,PlayStation 2,54
1716,Hot Wheels Velocity X,PlayStation 2,54
1717,Pac-Man Fever,GameCube,54
1718,Jumping Joe & Friends,Switch,54
1719,Elevator Action Deluxe,PlayStation 3,54
1720,Frogger: Ancient Shadow,PlayStation 2,54
1721,"Flower, Sun, and Rain",DS,54
1722,Ace Combat Infinity,PlayStation 3,54
1723,Brain Challenge,Xbox 360,54
1724,Reality Fighters,PlayStation Vita,54
1725,The Elder Scrolls V: Skyrim - Hearthfire,Xbox 360,54
1726,Dream Trigger 3D,3DS,54
1727,El Matador,PC,54
1728,Dragon Age: Origins - Return to Ostagar,Xbox 360,54
1729,Night Watch,PC,54
1730,Pokemon Dream Radar,3DS,54
1731,SpellForce 2: Demons of the Past,PC,54
1732,The Chronicles of Narnia: Prince Caspian,DS,54
1733,Scooby-Doo! Mystery Mayhem,GameCube,54
1734,BMX XXX,PlayStation 2,54
1735,Real War: Rogue States,PC,54
1736,Army Men: Sarge's Heroes 2,PlayStation 2,54
1737,Sonic Shuffle,Dreamcast,54
1738,Watchmen: The End Is Nigh,PlayStation 3,54
1739,Metal Gear Survive,PC,54
1740,LEGO The Lord of the Rings,PlayStation Vita,54
1741,Rise of the Argonauts,Xbox 360,54
1742,RIDE,Xbox One,54
1743,Sonic and the Black Knight,Wii,54
1744,Road to Guangdong,Xbox One,54
1745,Need for Speed Undercover,Wii,54
1746,Radiation Island,Switch,54
1747,Duke Nukem Forever,PC,54
1748,Valkyria Revolution,PlayStation 4,54
1749,Astro Boy,PlayStation 2,54
1750,Harry Potter for Kinect,Xbox 360,54
1751,No Time to Explain,PC,54
1752,Die Hard: Vendetta,GameCube,54
1753,Minority Report: Everybody Runs,Game Boy Advance,54
1754,Die Hard: Nakatomi Plaza,PC,54
1755,NCAA March Madness 2002,PlayStation 2,54
1756,World's Scariest Police Chases,PlayStation,54
1757,Vancouver 2010 - The Official Video Game of the Olympic Winter Games,Xbox 360,54
1758,Stubbs the Zombie in Rebel Without a Pulse,Switch,54
1759,Mega Man: Battle Chip Challenge,Game Boy Advance,54
1760,Fallen Legion: Revenants,PlayStation 4,54
1761,The Great Perhaps,PC,54
1762,Despicable Me: The Game - Minion Mayhem,DS,54
1763,Scene It? Bright Lights! Big Screen!,Wii,54
1764,Jurassic Park: The Game,PC,54
1765,Marvel Nemesis: Rise of the Imperfects,GameCube,54
1766,Spirit Camera: The Cursed Memoir,3DS,54
1767,Sonic Unleashed,PlayStation 3,54
1768,Tom Clancy's Ghost Recon Predator,PSP,54
1769,Yoostar 2: In The Movies,PlayStation 3,54
1770,Atlantis Evolution,PC,54
1771,Apex Legends,Switch,54
1772,Nippon Marathon,PlayStation 4,54
1773,In Space We Brawl,PlayStation 4,54
1774,Achron,PC,54
1775,Crime Scene,DS,54
1776,Night at the Museum: Battle of the Smithsonian,Wii,54
1777,Dream Pinball 3D,Wii,54
1778,Gods: Lands of Infinity,PC,54
1779,Tom Clancy's Rainbow Six Critical Hour,Xbox,54
1780,Reign of Fire,Xbox,54
1781,Space HoRSE,PC,54
1782,Star Wars: Battle for Naboo,PC,54
1783,NBA ShootOut 2001,PlayStation 2,54
1784,Army of Two: The Devil's Cartel,Xbox 360,54
1785,The Lord of the Rings: Conquest,PlayStation 3,54
1786,Crackdown 3,PC,54
1787,Breached,PC,54
1788,Shaman King: Power of Spirit,PlayStation 2,54
1789,GUNS UP!,PlayStation 4,54
1790,Dynasty Warriors: Gundam 2,PlayStation 3,54
1791,Cars Race-O-Rama,Xbox 360,54
1792,The Tales of Bearsworth Manor: Chaotic Conflicts,Wii,54
1793,Farming Simulator 15,PlayStation 4,54
1794,Dead to Rights II,Xbox,54
1795,The Legend of Korra,PlayStation 4,54
1796,Top Gun: Hard Lock,Xbox 360,54
1797,Combat Elite: WWII Paratroopers,PlayStation 2,54
1798,Fighter Destiny 2,Nintendo 64,54
1799,Harvest Moon: One World,Switch,54
1800,Frogger 3D,3DS,54
1801,Boogie Bunnies,Xbox 360,54
1802,RocketBowl,Xbox 360,54
1803,Tom Clancy's Ghost Recon 2,GameCube,54
1804,Minesweeper Flags,Xbox 360,54
1805,E.T. Armies,PC,54
1806,Create,PC,54
1807,Creepy Tale,Switch,54
1808,Sneak King,Xbox 360,54
1809,Spikeout: Battle Street,Xbox,54
1810,Lost: Via Domus,PlayStation 3,54
1811,Top Spin 4,Wii,54
1812,OVERPASS,PlayStation 4,54
1813,Son of Nor,PC,54
1814,Stacked with Daniel Negreanu,PC,54
1815,Legend of Kay Anniversary,Switch,54
1816,Warriors: Legends of Troy,Xbox 360,54
1817,The Italian Job,Xbox,54
1818,Carnivores: Ice Age,PC,54
1819,Buzz Lightyear of Star Command,PlayStation,54
1820,007: Quantum of Solace,Wii,54
1821,Spyglass Board Games,Xbox 360,54
1822,Pokemon Mystery Dungeon: Explorers of Sky,DS,54
1823,Whipseey and the Lost Atlas,Switch,54
1824,Hamsterdam,Switch,54
1825,Cast of the Seven Godsends,Switch,54
1826,Knee Deep,PlayStation 4,54
1827,Hatoful Boyfriend: Holiday Star,PC,54
1828,Dragon Ball Z: Battle of Z,PlayStation 3,54
1829,Omerta: City of Gangsters,PC,54
1830,Space Channel 5 VR: Kinda Funky News Flash,PlayStation 4,54
1831,Steambot Chronicles: Battle Tournament,PSP,54
1832,Hunting Simulator 2,PlayStation 4,54
1833,Dangerous Golf,PC,54
1834,Cars,DS,54
1835,Ghost Rider,PlayStation 2,54
1836,Trials of the Blood Dragon,PC,54
1837,A Valley Without Wind,PC,54
1838,Universal Combat,PC,54
1839,Minority Report: Everybody Runs,Xbox,54
1840,Lost in Blue: Shipwrecked,Wii,54
1841,Earthfall,PlayStation 4,54
1842,Time Carnage,PlayStation 4,54
1843,Ghostbusters: The Video Game,PSP,54
1844,Disney Sing It,PlayStation 3,54
1845,Rainbow Islands Revolution,DS,54
1846,Smashbox Arena,PlayStation 4,54
1847,Rise of Nightmares,Xbox 360,54
1848,Kingdom Come: Deliverance - From The Ashes,PC,54
1849,The Da Vinci Code,PlayStation 2,54
1850,Frogger: Ancient Shadow,GameCube,54
1851,Carmageddon: Reincarnation,PC,54
1852,Virtual-On Marz,PlayStation 2,54
1853,The Great Escape (2003),PC,54
1854,Gauntlet Dark Legacy,Xbox,54
1855,Werewolf: The Apocalypse - Earthblood,PlayStation 5,54
1856,Jagged Alliance: Rage!,PlayStation 4,54
1857,Dakar 18,Xbox One,54
1858,Temple of Yog,Wii U,54
1859,The Golden Horde,PC,54
1860,Star Trek: Conquest,PlayStation 2,54
1861,Legendary Eleven,Switch,54
1862,Avatar: The Last Airbender - The Burning Earth,Xbox 360,54
1863,X-Blades,PC,54
1864,FaceBreaker,Xbox 360,54
1865,Rush Bros,PC,54
1866,Ninja Reflex,DS,54
1867,Hyperdimension Neptunia PP: Producing Perfection,PlayStation Vita,54
1868,Transformers: The Game,PlayStation 3,54
1869,Dead to Rights: Reckoning,PSP,54
1870,The Padre,Switch,54
1871,Pirates of the Caribbean: At World's End,PlayStation 2,54
1872,Strike Force Bowling,Xbox,54
1873,Disney's Lilo & Stitch,PlayStation,54
1874,Real Pool,PlayStation 2,54
1875,Blades of Time,PlayStation 3,54
1876,Where the Wild Things Are,PlayStation 3,54
1877,James Patterson Women's Murder Club: Games of Passion,DS,54
1878,Bakugan: Champions of Vestroia,Switch,54
1879,Scene It? Bright Lights! Big Screen!,PlayStation 3,54
1880,Red Goddess: Inner World,PC,54
1881,Sniper Elite: Nazi Zombie Army 2,PC,54
1882,Planet 51,Xbox 360,54
1883,Assassin's Creed Chronicles: Russia,PC,54
1884,SimAnimals Africa,Wii,54
1885,Valhalla Knights,PSP,54
1886,Yu-Gi-Oh! The Dawn of Destiny,Xbox,54
1887,NBA ShootOut 2002,PlayStation,54
1888,Aidyn Chronicles: The First Mage,Nintendo 64,54
1889,Transformers: The Game,Wii,54
1890,Curious George,PlayStation 2,54
1891,Active Soccer 2 DX,Xbox One,54
1892,Pirates of the Caribbean: At World's End,Wii,54
1893,Grimshade,PC,54
1894,Oure,PlayStation 4,54
1895,World Heroes Anthology,PlayStation 2,54
1896,Planar Conquest,PC,54
1897,Tour de France 2014,PlayStation 4,54
1898,Law & Order: Legacies,PC,54
1899,Rainbow Islands: Towering Adventure!,Wii,54
1900,Dungeons & Dragons: Dark Alliance,PC,53
1901,Goat Simulator,Xbox One,53
1902,American Conquest: Divided Nation,PC,53
1903,The Witch and the Hundred Knight,PlayStation 3,53
1904,Blok Drop U,Wii U,53
1905,War Times,PC,53
1906,HSX HyperSonic.Xtreme,PlayStation 2,53
1907,The History Channel: Civil War - A Nation Divided,Xbox 360,53
1908,SolSeraph,PlayStation 4,53
1909,The Game of Life 2,Switch,53
1910,Food Network: Cook or Be Cooked,Wii,53
1911,Tetris Splash,Xbox 360,53
1912,MX vs. ATV Untamed,PlayStation 2,53
1913,Phantaruk,PC,53
1914,Namco Museum Megamix,Wii,53
1915,The Adventures of Darwin,PlayStation 2,53
1916,The Da Vinci Code,PC,53
1917,NFL Quarterback Club 2002,GameCube,53
1918,Legends of Might and Magic,PC,53
1919,Lair,PlayStation 3,53
1920,Fable II Pub Games,Xbox 360,53
1921,Solar Shifter EX,Xbox One,53
1922,Medal of Honor: Warfighter,Xbox 360,53
1923,Family Guy,Xbox,53
1924,Warpath,Xbox,53
1925,Bedlam: The Game by Christopher Brookmyre,PlayStation 4,53
1926,Spider-Man 3,Wii,53
1927,X-Men Origins: Wolverine,Wii,53
1928,Castle of Heart,Switch,53
1929,Shadwen,PC,53
1930,Hyperdimension Neptunia mk2,PlayStation 3,53
1931,Little Friends: Dogs & Cats,Switch,53
1932,Doodle God: Ultimate Edition,Xbox One,53
1933,Windforge,PC,53
1934,CSI: NY,PC,53
1935,Godzilla: Domination!,Game Boy Advance,53
1936,Ice Cream Surfer,Wii U,53
1937,Doctor Lautrec and the Forgotten Knights,3DS,53
1938,WarioWare: Snapped!,DS,53
1939,Belief & Betrayal,PC,53
1940,#KILLALLZOMBIES,Xbox One,53
1941,NCAA GameBreaker 2003,PlayStation 2,53
1942,The Three Stooges,Game Boy Advance,53
1943,Britney's Dance Beat,Game Boy Advance,53
1944,Sydney 2000,Dreamcast,53
1945,Akaneiro: Demon Hunters,PC,53
1946,Full Auto 2: Battlelines,PSP,53
1947,Dragon Ball Z: Battle of Z,Xbox 360,53
1948,Destroy All Humans! Big Willy Unleashed,Wii,53
1949,SX Superstar,Xbox,53
1950,Painkiller: Hell & Damnation,Xbox 360,53
1951,Death Track: Resurrection,PC,53
1952,Star Trek: D-A-C,Xbox 360,53
1953,Dead or Alive Xtreme 2,Xbox 360,53
1954,Brain Assist,DS,53
1955,Flip Wars,Switch,53
1956,Dreamcast Collection,Xbox 360,53
1957,Samurai Warriors 2 Empires,Xbox 360,53
1958,Five Nights at Freddy's: Help Wanted,Switch,53
1959,Black Clover: Quartet Knights,PlayStation 4,53
1960,Gemini Wars,PC,53
1961,Ecco the Dolphin,Xbox 360,53
1962,Nicktoons Unite!,DS,53
1963,Two Thrones,PC,53
1964,Gorasul: Legacy of the Dragon,PC,53
1965,Iridion 3D,Game Boy Advance,53
1966,War Rock,PC,53
1967,Inversion,Xbox 360,53
1968,Friday the 13th: The Game,Xbox One,53
1969,PlayStation Move Heroes,PlayStation 3,53
1970,"Knight's Apprentice, Memorick's Adventures",Xbox,53
1971,BattleBots: Beyond the BattleBox,Game Boy Advance,53
1972,Dragon Ball Z: The Legacy of Goku,Game Boy Advance,53
1973,A Game of Thrones: Genesis,PC,53
1974,Bust-A-Move Bash!,Wii,53
1975,Spare Parts,PlayStation 3,53
1976,Adam's Venture: Origins,PlayStation 4,53
1977,Tom Clancy's Splinter Cell 3D,3DS,53
1978,Minecraft: Story Mode - Episode 2: Assembly Required,PlayStation 4,53
1979,Dungeon Fighter Live: Fall of Hendon Myre,Xbox 360,53
1980,Bound by Flame,PlayStation 4,53
1981,Pokemon Battle Revolution,Wii,53
1982,Speedball 2 HD,PC,53
1983,Disney Sing It,Xbox 360,53
1984,Nicktoons Unite!,PlayStation 2,53
1985,Natural Doctrine,PlayStation 4,53
1986,The Assembly,PlayStation 4,53
1987,Tony Hawk: Shred,Xbox 360,53
1988,Carmen Sandiego: The Secret of the Stolen Drums,PlayStation 2,53
1989,Classic NES Series: Pac-Man,Game Boy Advance,53
1990,Purge,PC,53
1991,Blade II,Xbox,53
1992,Cruis'n Velocity,Game Boy Advance,53
1993,Rune: Viking Warlord,PlayStation 2,53
1994,Dark Angel:  Vampire Apocalypse,PlayStation 2,53
1995,FaceBreaker,PlayStation 3,53
1996,Loading Human: Chapter 1,PlayStation 4,53
1997,Fairytale Fights,PlayStation 3,53
1998,Obscure: The Aftermath,Wii,53
1999,Buildings Have Feelings Too!,PC,53
2000,Cloudpunk,Switch,53
2001,Necromunda: Underhive Wars,PC,53
2002,Monopoly for Nintendo Switch,Switch,53
2003,Kill Strain,PlayStation 4,53
2004,Ragnarok DS,DS,53
2005,Super Monkey Ball Adventure,PlayStation 2,53
2006,Pirates: The Key of Dreams,Wii,53
2007,Toribash: Violence Perfected,Wii,53
2008,X-Men: The Official Game,Xbox,53
2009,Has-Been Heroes,Switch,53
2010,Teenage Mutant Ninja Turtles 3: Mutant Nightmare,PlayStation 2,53
2011,Hover,Switch,53
2012,Bit Boy!! Arcade,3DS,53
2013,Hysteria Hospital: Emergency Ward,Wii,53
2014,Cy Girls,PlayStation 2,53
2015,Blade & Sword,PC,53
2016,Minority Report: Everybody Runs,GameCube,53
2017,The Terminator: Dawn of Fate,Xbox,53
2018,Harvester,PC,53
2019,World Championship Poker: Featuring Howard Lederer - All In,PlayStation 2,53
2020,Rabbids Invasion,Xbox One,53
2021,Professor Heinz Wolff's Gravity,DS,53
2022,Fallout 76,PlayStation 4,53
2023,Dakar 18,PlayStation 4,53
2024,Alien Havoc,PSP,53
2025,Knights of the Temple II,PC,53
2026,Stranger Things 3: The Game,Switch,53
2027,Samurai Warriors: Katana,Wii,53
2028,Youtubers Life: OMG Edition,Switch,53
2029,EyeToy: Operation Spy,PlayStation 2,53
2030,The Three Musketeers: One for All!,Wii,53
2031,Game of Thrones,PlayStation 3,53
2032,Deadfall Adventures,PC,53
2033,Agatha Christie: The ABC Murders,DS,53
2034,NBA Starting Five,PlayStation 2,53
2035,Pac-Man All-Stars,PC,53
2036,Portal Runner,PlayStation 2,53
2037,Lord of Arcana,PSP,53
2038,The Chosen - Well of Souls,PC,53
2039,Dash of Destruction,Xbox 360,53
2040,Marvel Nemesis: Rise of the Imperfects,PlayStation 2,53
2041,Elemental: War of Magic,PC,53
2042,Bodycount,Xbox 360,53
2043,Halo: Spartan Assault,Xbox One,53
2044,Crime Lab: Body of Evidence,DS,53
2045,Warriors Orochi,Xbox 360,53
2046,Sniper: Ghost Warrior,PlayStation 3,53
2047,Daymare: 1998,PlayStation 4,53
2048,B-Boy,PlayStation 2,53
2049,"Great Invasions: The Darkages ""350-1066 AD""",PC,53
2050,NBA Live 15,Xbox One,53
2051,Virtua Quest,PlayStation 2,53
2052,Jurassic Park: The Game,PlayStation 3,53
2053,Eat Lead: The Return of Matt Hazard,Xbox 360,53
2054,Airplane Mode,PC,53
2055,Super Dungeon Bros,Xbox One,53
2056,Pixel Piracy,Xbox One,53
2057,Transformers: Revenge of the Fallen,Wii,53
2058,Space Trader - Merchant Marine,PC,53
2059,Spy vs. Spy,Xbox,53
2060,Carmen Sandiego: The Secret of the Stolen Drums,Xbox,53
2061,Conspiracies,PC,53
2062,Tetris Worlds,Xbox,53
2063,Top Angler,PlayStation 2,53
2064,Samurai Warriors 2,Xbox 360,53
2065,Doctor Who: The Edge Of Time,PlayStation 4,53
2066,Eden-Tomorrow,PlayStation 4,53
2067,Darkness Within: In Pursuit of Loath Nolder,PC,53
2068,Hammer & Sickle,PC,53
2069,Neopets Puzzle Adventure,Wii,53
2070,Bionicle,PC,53
2071,Realms of Ancient War,Xbox 360,53
2072,Transformers: The Game,Xbox 360,53
2073,Hidden Dragon Legend,PlayStation 4,53
2074,Krater,PC,53
2075,Hail to the Chimp,Xbox 360,53
2076,Alpha Polaris: A Horror Adventure Game,PC,53
2077,Rango,Wii,53
2078,Blade Kitten,PC,53
2079,Kinect Joy Ride,Xbox 360,53
2080,Spider-Man 3,PSP,53
2081,Xotic,Xbox 360,53
2082,Taxi Chaos,Switch,53
2083,Uncanny Valley,PlayStation 4,53
2084,Spider-Man: Web of Shadows,PC,53
2085,Midnight Nowhere,PC,53
2086,18 Wheeler: American Pro Trucker,GameCube,53
2087,Harry Potter and the Order of the Phoenix,PSP,53
2088,Voltron: Defender of the Universe,PlayStation 3,53
2089,187 Ride or Die,PlayStation 2,53
2090,Sniper: Ghost Warrior 2,PlayStation 3,53
2091,Judge Dredd: Dredd VS Death,PlayStation 2,53
2092,Lost: Via Domus,PC,53
2093,Beijing 2008: The Official Video Game of the Olympic Games,PC,53
2094,Hellpoint,Switch,53
2095,Back in 1995,PC,53
2096,South Park: Tenorman's Revenge,Xbox 360,53
2097,KAO the Kangaroo,Game Boy Advance,53
2098,Star Trek: New Worlds,PC,53
2099,Sniper: Ghost Warrior 2,PC,53
2100,Yu-Gi-Oh! Zexal: World Duel Carnival,3DS,52
2101,Escape Dead Island,PC,52
2102,Rygar: The Battle of Argus,Wii,52
2103,Need for Speed Undercover,PSP,52
2104,Strobophagia | Rave Horror,PC,52
2105,Worlds of Magic,PC,52
2106,Jaws Unleashed,PlayStation 2,52
2107,Resident Evil: Operation Raccoon City,PlayStation 3,52
2108,Auto Modellista,Xbox,52
2109,Pax Romana,PC,52
2110,Seven Games of the Soul,PC,52
2111,Leisure Suit Larry: Wet Dreams Don't Dry,Switch,52
2112,Blades of Time,Xbox 360,52
2113,Crescent Pale Mist,PlayStation 3,52
2114,Gangs of London,PSP,52
2115,Anima: Gate of Memories,PlayStation 4,52
2116,Crystal Defenders,Xbox 360,52
2117,WinBack 2: Project Poseidon,Xbox,52
2118,Spare Parts,Xbox 360,52
2119,SoulCalibur Legends,Wii,52
2120,Commandos 2 HD Remaster,Switch,52
2121,Last Encounter,Switch,52
2122,Fimbul,PlayStation 4,52
2123,Unbox: Newbie's Adventure,Switch,52
2124,"Warhammer 40,000: Eternal Crusade",PC,52
2125,TerRover,PlayStation 3,52
2126,Ant Nation,Wii,52
2127,Dynasty Warriors: Gundam 2,PlayStation 2,52
2128,Over the Hedge: Hammy Goes Nuts!,DS,52
2129,The Dukes of Hazzard: Return of the General Lee,PlayStation 2,52
2130,"Crouching Tiger, Hidden Dragon",Xbox,52
2131,"Monsters, Inc.",PlayStation 2,52
2132,Again: Interactive Crime Novel,DS,52
2133,Dead Rising 3: Operation Broken Eagle,Xbox One,52
2134,Seven Samurai 20XX,PlayStation 2,52
2135,Pirates of the Caribbean: Dead Man's Chest,PSP,52
2136,Resident Evil: Operation Raccoon City,Xbox 360,52
2137,Mighty No. 9,PlayStation 4,52
2138,Lords of Football,PC,52
2139,Extinction,Xbox One,52
2140,The Da Vinci Code,Xbox,52
2141,NCAA Final Four 2002,PlayStation 2,52
2142,Naruto: Uzumaki Chronicles 2,PlayStation 2,52
2143,Miner Wars 2081,PC,52
2144,The Ant Bully,PlayStation 2,52
2145,Asterix & Obelix XXL 3: The Crystal Menhir,Xbox One,52
2146,Inuyasha: Feudal Combat,PlayStation 2,52
2147,Boogie,PlayStation 2,52
2148,Winter Sports: The Ultimate Challenge,Wii,52
2149,Realpolitiks,PC,52
2150,Spectra: 8bit Racing,Xbox One,52
2151,X-Men: The Official Game,PlayStation 2,52
2152,Ford Bold Moves Street Racing,PSP,52
2153,Time Ace,DS,52
2154,Tetris Evolution,Xbox 360,52
2155,Defenders of Ardania,Xbox 360,52
2156,Bionicle Heroes,Wii,52
2157,Cross Edge,PlayStation 3,52
2158,The Sims 3,3DS,52
2159,Contra: Rogue Corps,PlayStation 4,52
2160,Mighty No. 9,PC,52
2161,Game of Thrones,Xbox 360,52
2162,Dark Messiah of Might and Magic: Elements,Xbox 360,52
2163,Fallout 76,PC,52
2164,Warriors Orochi 2,PlayStation 2,52
2165,Carmageddon: Max Damage,Xbox One,52
2166,Caveman Warriors,Switch,52
2167,Brain Voyage,DS,52
2168,Azurik: Rise of Perathia,Xbox,52
2169,Alien Rage,PC,52
2170,X-Men: The Official Game,PC,52
2171,Star Horizon,Switch,52
2172,Great War Nations: The Spartans,PC,52
2173,Aqua Moto Racing 3D,3DS,52
2174,Red Faction: Battlegrounds,Xbox 360,52
2175,Beyond Eyes,PlayStation 4,52
2176,X-Men: The Official Game,Xbox 360,52
2177,World Series of Poker,Xbox,52
2178,New Frontier Days: Founding Pioneers,Switch,52
2179,Jagged Alliance: Flashback,PC,52
2180,Enemy Front,PC,52
2181,Rabbids Land,Wii U,52
2182,Lara Croft Tomb Raider: The Angel of Darkness,PlayStation 2,52
2183,Star Trek: Voyager Elite Force,PlayStation 2,52
2184,50 Cent: Bulletproof G Unit Edition,PSP,52
2185,Cocoto Fishing Master,Wii,52
2186,Brunswick Pro Bowling,Wii,52
2187,Bionicle Heroes,PlayStation 2,52
2188,NBA Live 08,Wii,52
2189,No Time to Explain,Xbox One,52
2190,The First Templar,Xbox 360,52
2191,Jack Keane 2: The Fire Within,PC,52
2192,Syberia,DS,52
2193,NeverDead,Xbox 360,52
2194,Sniper: Ghost Warrior 2,Xbox 360,52
2195,Conflict: Denied Ops,Xbox 360,52
2196,Dawn of Magic,PC,52
2197,Hi Hi Puffy AmiYumi: The Genie & the Amp,DS,52
2198,Pixel Gear,PlayStation 4,52
2199,Balan Wonderworld,PlayStation 5,52
2200,Dinocide,PC,51
2201,Bird Mania 3D,3DS,51
2202,Unbound Saga,Xbox 360,51
2203,Rampage: Total Destruction,PlayStation 2,51
2204,Inuyasha: The Secret of the Cursed Mask,PlayStation 2,51
2205,Fast Lanes Bowling,PC,51
2206,OVERKILL's The Walking Dead,PC,51
2207,The Haunted: Hell's Reach,PC,51
2208,The Hustle: Detroit Streets,PSP,51
2209,Syberia 3,PC,51
2210,SuperPower 2,PC,51
2211,Alien Syndrome,PSP,51
2212,Pirates of the Caribbean: The Legend of Jack Sparrow,PlayStation 2,51
2213,Eat Lead: The Return of Matt Hazard,PlayStation 3,51
2214,Dragon Ball Z: Sagas,Xbox,51
2215,Le Tour de France 2013 - 100th Edition,Xbox 360,51
2216,Fuel Overdose,PlayStation 3,51
2217,Warlords,Xbox 360,51
2218,Malice,PlayStation 2,51
2219,007 Racing,PlayStation,51
2220,Sydney 2000,PC,51
2221,Spy Hunter,PlayStation Vita,51
2222,Pac-Man World Rally,PSP,51
2223,Looney Tunes: Back in Action,PlayStation 2,51
2224,BANNERMEN,PC,51
2225,Stolen,PlayStation 2,51
2226,Family Guy,PSP,51
2227,Indianapolis 500 Legends,DS,51
2228,Dino Crisis 3,Xbox,51
2229,Dragon Blade: Wrath of Fire,Wii,51
2230,Disaster Report 4: Summer Memories,PlayStation 4,51
2231,Rush'N Attack Ex-Patriot,Xbox 360,51
2232,Big Mutha Truckers 2,PlayStation 2,51
2233,Hail to the Chimp,PlayStation 3,51
2234,Monster 4X4: World Circuit,Wii,51
2235,187 Ride or Die,Xbox,51
2236,Backyard Wrestling: Don't Try This at Home,PlayStation 2,51
2237,And 1 Streetball,PlayStation 2,51
2238,Top Spin 2,DS,51
2239,Beat Down,Xbox,51
2240,Immortal: Unchained,Xbox One,51
2241,Where the Wild Things Are,Xbox 360,51
2242,G.I. Joe: Operation Blackout,PlayStation 4,51
2243,ACORN Tactics,Switch,51
2244,History Legends of War: Patton,Xbox 360,51
2245,Breed,PC,51
2246,Delta Force: Task Force Dagger,PC,51
2247,Twisted Metal Small Brawl,PlayStation,51
2248,Stormrise,PlayStation 3,51
2249,How to Train Your Dragon,PlayStation 3,51
2250,Rengoku II: The Stairway to H.E.A.V.E.N.,PSP,51
2251,CSI: Crime Scene Investigation: Deadly Intent,Xbox 360,51
2252,PDC World Championship Darts 2008,Wii,51
2253,River King: A Wonderful Journey,PlayStation 2,51
2254,Spy Hunter: Nowhere to Run,Xbox,51
2255,Disney*Pixar WALL-E,PlayStation 3,51
2256,Cubic Ninja,3DS,51
2257,Table Manners,PC,51
2258,Chivalry: Medieval Warfare,Xbox One,51
2259,Sacred 3,Xbox 360,51
2260,Marvel Super Hero Squad,PSP,51
2261,Darkest of Days,PC,51
2262,G.I. Joe: The Rise of Cobra,Wii,51
2263,The Hardy Boys: The Hidden Theft,PC,51
2264,Dead Reefs,PC,51
2265,The Ant Bully,GameCube,51
2266,Legion: The Legend of Excalibur,PlayStation 2,51
2267,Evil Dead: Hail to the King,PlayStation,51
2268,Superman Returns,Xbox 360,51
2269,Risen 3: Titan Lords - Enhanced Edition,PlayStation 4,51
2270,Code Lyoko: Fall of X.A.N.A.,DS,51
2271,Koi,PlayStation 4,51
2272,Retro Atari Classics,DS,51
2273,Eragon,PC,51
2274,Dead to Rights II,PlayStation 2,51
2275,Conflict: Denied Ops,PlayStation 3,51
2276,Air Conflicts: Secret Wars,PlayStation 3,51
2277,Happy Tree Friends: False Alarm,Xbox 360,51
2278,Headspun,PC,51
2279,Dead Rising 3: The Last Agent,Xbox One,51
2280,Babel Rising,Xbox 360,51
2281,7 Wonders of the Ancient World,PSP,51
2282,Warriors Orochi,PC,51
2283,Yie Ar Kung-Fu,Xbox 360,51
2284,Ape Escape Academy,PSP,51
2285,Duke Nukem Forever,PlayStation 3,51
2286,Bullet Witch,PC,51
2287,Trivial Pursuit Unhinged,PlayStation 2,51
2288,I Am Bread,PlayStation 4,51
2289,Fairytale Fights,Xbox 360,51
2290,Bionicle,PlayStation 2,51
2291,Larry Ragland 4x4 Challenge,PC,51
2292,NFL GameDay 2001,PlayStation 2,51
2293,Action Bass,PlayStation,51
2294,Qix++,Xbox 360,51
2295,Confrontation,PC,51
2296,Star Trek: Encounters,PlayStation 2,51
2297,Super Monkey Ball Adventure,GameCube,51
2298,Racquet Sports,Wii,51
2299,Alpha Black Zero: Intrepid Protocol,PC,51
2300,V-Rally 4,Switch,51
2301,Beowulf: The Game,Xbox 360,51
2302,Superman Returns,Xbox,51
2303,Harry Potter and the Order of the Phoenix,DS,51
2304,Eragon,PlayStation 2,51
2305,DiRT 2,Wii,51
2306,Disney*Pixar WALL-E,Wii,51
2307,Generation Zero,PC,51
2308,Grom: Terror in Tibet,PC,51
2309,NFL GameDay 2002,PlayStation 2,51
2310,Saints Row 2: Ultor Exposed,Xbox 360,51
2311,Death by Degrees,PlayStation 2,51
2312,Carmageddon: Max Damage,PlayStation 4,51
2313,Call of Juarez: The Cartel,PC,51
2314,Hospital Tycoon,PC,51
2315,NARC,Xbox,51
2316,Beowulf: The Game,PlayStation 3,51
2317,Shadwen,PlayStation 4,51
2318,YUMENIKKI -DREAM DIARY-,PC,51
2319,Baseball Riot,Switch,51
2320,Party Hard,Xbox One,51
2321,Red Johnson's Chronicles - One Against All,Xbox 360,51
2322,Crusty Demons,Xbox,51
2323,Silver Chains,PC,51
2324,Shiny,PC,51
2325,Serious Sam Advance,Game Boy Advance,51
2326,The Lord of the Rings: The Fellowship of the Ring,Game Boy Advance,51
2327,Jaws Unleashed,Xbox,51
2328,Daylight,PC,51
2329,Spy Hunter: Nowhere to Run,PlayStation 2,51
2330,Restricted Area (2005),PC,51
2331,NanoBreaker,PlayStation 2,51
2332,Redout: Space Assault,PlayStation 4,51
2333,Extinction,PC,51
2334,NBA Live 09 All-Play,Wii,51
2335,Brooktown High,PSP,51
2336,Akiba's Trip: Hellbound & Debriefed,PlayStation 4,51
2337,Murdered: Soul Suspect,Xbox One,51
2338,Wing Commander Arena,Xbox 360,51
2339,Disney Planes,Wii U,51
2340,Knights Contract,PlayStation 3,51
2341,Shadow the Hedgehog,GameCube,51
2342,Akiba's Trip: Hellbound & Debriefed,Switch,51
2343,Dance of Death: Du Lac & Fey,PC,51
2344,Captain America: Super Soldier,3DS,51
2345,The Revenge of Shinobi,Game Boy Advance,51
2346,Destroyer Command,PC,51
2347,Blade,PlayStation,51
2348,Bodycount,PlayStation 3,51
2349,Jump Force: Deluxe Edition,Switch,51
2350,Gomo,PC,51
2351,Flashback,Xbox 360,51
2352,X-Men: The Official Game,DS,51
2353,Generation Zero,Xbox One,51
2354,KumaWar,PC,51
2355,Terminator 3: Rise of the Machines,Game Boy Advance,51
2356,Spirits & Spells,GameCube,51
2357,Postal 2,PC,51
2358,He-Man: Power of Grayskull,Game Boy Advance,51
2359,Men in Black II: Alien Escape,PlayStation 2,51
2360,Stolen,Xbox,51
2361,X-Blades,PlayStation 3,51
2362,Invizimals: The Lost Kingdom,PlayStation 3,51
2363,Mark McMorris Infinite Air,PlayStation 4,51
2364,Reservoir Dogs,PlayStation 2,51
2365,Big Mutha Truckers 2,Xbox,51
2366,Devil May Cry 2,Switch,51
2367,Spider-Man: Edge of Time,3DS,51
2368,Narco Terror,Xbox 360,51
2369,Battlezone,Xbox 360,51
2370,Death by Game Show,PC,51
2371,Bugs vs. Tanks!,3DS,51
2372,Bubble Bobble Double Shot,DS,51
2373,Minority Report: Everybody Runs,PlayStation 2,51
2374,Disney's Magical Mirror Starring Mickey Mouse,GameCube,51
2375,Alfred Hitchcock presents The Final Cut,PC,51
2376,Spyro: Shadow Legacy,DS,51
2377,Divide,PlayStation 4,51
2378,A Witch's Tale,DS,51
2379,AO International Tennis,PlayStation 4,51
2380,AereA,Xbox One,51
2381,Double Dragon IV,PC,51
2382,X-Blades,Xbox 360,51
2383,Tao's Adventure: Curse of the Demon Seal,DS,51
2384,Afterfall: InSanity,PC,51
2385,Hurry Up Hedgehog!,DS,51
2386,Funky Barn,Wii U,51
2387,Wolfenstein: Cyberpilot,PlayStation 4,51
2388,Lust for Darkness,PC,51
2389,Dead Space 3: Awakened,Xbox 360,51
2390,Gods & Heroes: Rome Rising,PC,51
2391,The Incredible Hulk,DS,51
2392,Galerians: Ash,PlayStation 2,51
2393,Dino Stalker,PlayStation 2,51
2394,Left Brain Right Brain,DS,51
2395,Novadrome,Xbox 360,51
2396,Start the Party! Save the World,PlayStation 3,50
2397,Fear Effect Sedna,PlayStation 4,50
2398,Pirates: Duels on the High Seas,DS,50
2399,Empire Earth III,PC,50
2400,Agatha Christie: And Then There Were None,Wii,50
2401,RYL: Path of the Emperor,PC,50
2402,Shade: Wrath of Angels,PC,50
2403,Star Trek: D-A-C,PC,50
2404,Yaiba: Ninja Gaiden Z,Xbox 360,50
2405,Dead Rising 3: Chaos Rising,Xbox One,50
2406,Ford Racing 3,PlayStation 2,50
2407,Manic Monkey Mayhem,Wii,50
2408,Ford Bold Moves Street Racing,PlayStation 2,50
2409,Sonic Adventure,PlayStation 3,50
2410,Night at the Museum: Battle of the Smithsonian,Xbox 360,50
2411,NARC,PlayStation 2,50
2412,Empire of Sin,Switch,50
2413,Picklock,Switch,50
2414,Toby: The Secret Mine,PlayStation 4,50
2415,Armikrog,PlayStation 4,50
2416,Syberia,PlayStation 3,50
2417,Carnivores HD: Dinosaur Hunter,PlayStation 3,50
2418,Samurai Sword Destiny,3DS,50
2419,Yoostar 2: In The Movies,Xbox 360,50
2420,Trapped Dead,PC,50
2421,Need for Speed: Hot Pursuit,Wii,50
2422,Bakugan: Defenders of the Core,PlayStation 3,50
2423,Guitar Hero: Van Halen,Wii,50
2424,Twin Strike: Operation Thunder,Wii,50
2425,B-Boy,PSP,50
2426,Two Worlds,Xbox 360,50
2427,Legends of Wrestling,GameCube,50
2428,Dragon Rage,PlayStation 2,50
2429,Army Men: World War,PlayStation,50
2430,NeverDead,PlayStation 3,50
2431,Deca Sports,Wii,50
2432,Disney*Pixar WALL-E,Xbox 360,50
2433,Samurai Warriors 2: Xtreme Legends,PlayStation 2,50
2434,Tryst,PC,50
2435,Valhalla Knights 2,PSP,50
2436,Marvel Avengers: Battle for Earth,Wii U,50
2437,Record of Agarest War Zero,PlayStation 3,50
2438,Tom Clancy's Splinter Cell: Chaos Theory,DS,50
2439,Drawn to Life: Two Realms,Switch,50
2440,Vampire Moon: The Mystery of the Hidden Sun,DS,50
2441,Monopoly Party!,Xbox,50
2442,America,PC,50
2443,Modern Combat: Blackout,Switch,50
2444,Art of Murder: FBI Confidential,PC,50
2445,Legendary,PlayStation 3,50
2446,Legendary,PC,50
2447,Don Bluth Presents: Dragon's Lair HD,PC,50
2448,Family Guy,PlayStation 2,50
2449,Animal Gods,PC,50
2450,Marvel: Ultimate Alliance 2,Wii,50
2451,Planet 51,PlayStation 3,50
2452,Soldier of Fortune: Payback,PlayStation 3,50
2453,Whiteout,PlayStation 2,50
2454,WTA Tour Tennis,PlayStation 2,50
2455,Reservoir Dogs,Xbox,50
2456,Baroque,Wii,50
2457,50 Cent: Bulletproof,Xbox,50
2458,Spider-Man 3,PlayStation 2,50
2459,Pixel Piracy,PlayStation 4,50
2460,Planet Crashers (3DSWare),3DS,50
2461,Kung-Fu Live,PlayStation 3,50
2462,Dead Block,Xbox 360,50
2463,Daredevil,Game Boy Advance,50
2464,Rayman Arena,Xbox,50
2465,xXx,Game Boy Advance,50
2466,Milanoir,Switch,50
2467,DreamWorks Kung Fu Panda 2,Xbox 360,50
2468,Cars,Game Boy Advance,50
2469,Adrenalin Misfits,Xbox 360,50
2470,X-Men: The Official Game,GameCube,50
2471,Celebrity Sports Showdown,Wii,50
2472,ShellShock: Nam '67,PC,50
2473,Disney's Atlantis: The Lost Empire - Trial By Fire,PC,50
2474,X-Men: Destiny,PlayStation 3,50
2475,Th3 Plan,PlayStation 2,50
2476,The Forbidden Arts,Switch,50
2477,Fable III: Understone Quest Pack,Xbox 360,50
2478,SWAT: Target Liberty,PSP,50
2479,Soldier of Fortune: Payback,Xbox 360,50
2480,Voltron: Defender of the Universe,Xbox 360,50
2481,Fishing Sim World,PlayStation 4,50
2482,Reservoir Dogs,PC,50
2483,The Sims 2: Apartment Pets,DS,50
2484,RUNE II: Decapitation Edition,PC,50
2485,Adventure Time: Pirates of the Enchiridion,Switch,50
2486,Rugby World Cup 2011,PlayStation 3,50
2487,Backyard Wrestling: Don't Try This at Home,Xbox,50
2488,Those Who Remain,PlayStation 4,50
2489,My Horse & Me,Wii,50
2490,Transformers: Rise of the Dark Spark,PC,50
2491,Chibi-Robo! Photo Finder,3DS,50
2492,Codename: Kids Next Door: Operation V.I.D.E.O.G.A.M.E.,PlayStation 2,50
2493,Teenage Mutant Ninja Turtles 2: Battle Nexus,GameCube,50
2494,Trulon: The Shadow Engine,Xbox One,50
2495,Remothered: Broken Porcelain,Xbox One,50
2496,Final Fantasy XIV Online,PC,50
2497,MLB Front Office Manager,PlayStation 3,50
2498,Novastrike,PlayStation 3,50
2499,YAIBA: NINJA GAIDEN Z,PC,50
